index,soh_pred_mean,soh_pred_std,soh_true,abs_err,squared_err,txn_id,car_name,nominal_kwh,usable_kwh,label_soh_abs,label_soh,soc_min_full,soc_max_full,delta_soc_full,soc_min_20_80,soc_max_20_80,delta_soc_20_80,dSOC_dt_mean,dSOC_dt_max,start_ts,end_ts,connector,seq_len
0,1.0717614,1.1920929e-07,1.05,0.021761417,0.00047355928,21424,BYD Atto 3 Premium,60.48,67.8064513888889,1.1211384158215758,1.05,7.0,100.0,93.0,20.0,80.0,60.0,0.0303096539162112,0.05,2025-05-01 03:40:00,2025-05-01 04:34:00,1362797,61
1,0.7123387,5.9604645e-08,0.7,0.012338698,0.00015224346,21431,BYD M6 Performance,55.4,26.981564261270144,0.4870318458713022,0.7,0.0,100.0,100.0,20.0,80.0,60.0,0.5136512697555611,0.9000001502037299,2025-05-01 04:37:00,2025-05-01 05:18:00,628886,61
2,1.053995,1.1920929e-07,0.8809119,0.17308313,0.02995777,21439,BYD Seal Perfomance,82.56,72.7280867145651,0.8809119030349454,0.8809119030349454,0.0,100.0,100.0,20.0,80.0,60.0,0.108908242426409,0.5166666820645337,2025-05-01 05:21:00,2025-05-01 06:30:00,628885,61
3,1.0486829,2.3841858e-07,1.05,0.0013170242,1.7345528e-06,21469,BYD Dolphin GLX,44.9,49.82693672839506,1.1097313302537877,1.05,13.0,97.0,84.0,20.0,80.0,60.0,0.0347085610200364,0.05,2025-05-01 10:21:00,2025-05-01 11:12:00,351898,61
4,1.0402353,2.3841858e-07,1.05,0.009764671,9.5348805e-05,21479,BYD Dolphin GLX,44.9,50.41597685185185,1.1228502639610658,1.05,0.0,100.0,100.0,20.0,80.0,60.0,0.1050825547917033,0.5,2025-05-01 11:57:00,2025-05-01 12:51:00,628885,61
5,0.71215814,5.9604645e-08,0.7,0.012158155,0.00014782074,21482,BYD M6 Performance,55.4,35.88047660692501,0.6476620326159749,0.7,0.0,82.0,82.0,20.0,80.0,60.0,0.3289360423197188,0.7666667093171038,2025-05-01 12:45:00,2025-05-01 13:13:00,628886,61
6,0.712219,1.1920929e-07,0.7,0.012219012,0.00014930425,21484,BYD M6 Performance,55.4,30.08555123000496,0.5430604915163351,0.7,0.0,88.0,88.0,20.0,80.0,60.0,0.445253608291364,0.8500000506639511,2025-05-01 13:19:00,2025-05-01 13:47:00,628886,61
7,1.058314,0.0,1.05,0.0083140135,6.912282e-05,21487,BYD Atto 3 Dynamic,49.92,63.32166319444446,1.2684628043758903,1.05,12.0,99.0,87.0,20.0,80.0,60.0,0.0354007285974499,0.05,2025-05-01 13:54:00,2025-05-01 14:51:00,351899,61
8,0.97463685,5.9604645e-08,0.93540734,0.039229512,0.0015389547,21500,BYD M6 Performance,55.4,51.82156635802469,0.9354073349823953,0.9354073349823953,0.0,100.0,100.0,20.0,80.0,60.0,0.1002049180327868,0.5,2025-05-01 15:06:00,2025-05-01 16:09:00,628885,61
9,0.7107486,1.1920929e-07,0.7,0.010748625,0.00011553294,21559,BYD M6 Performance,55.4,17.620916844654708,0.3180670910587492,0.7,0.0,100.0,100.0,20.0,80.0,60.0,0.7486913279159754,1.0500000625848809,2025-05-02 04:08:00,2025-05-02 04:43:00,628886,61
10,1.0593414,0.0,1.05,0.009341478,8.7263215e-05,21564,BYD Atto 3 Premium,60.48,67.12123958333335,1.109808855544533,1.05,9.0,100.0,91.0,20.0,80.0,60.0,0.0302003642987249,0.05,2025-05-02 05:17:00,2025-05-02 06:21:00,351899,61
11,1.0656798,1.1920929e-07,1.05,0.015679836,0.00024585726,21641,BYD Atto 3 Dynamic,49.92,61.36591666666667,1.2292851896367525,1.05,13.0,99.0,86.0,20.0,80.0,60.0,0.0346083788706739,0.05,2025-05-02 12:48:00,2025-05-02 13:45:00,351898,61
12,1.0693734,1.1920929e-07,1.05,0.019373417,0.00037532928,21658,BYD Dolphin GLX,44.9,63.78064660493828,1.4205043787291378,1.05,11.0,100.0,89.0,20.0,80.0,60.0,0.0337431693989071,0.05,2025-05-02 14:09:00,2025-05-02 15:10:00,351898,61
13,0.7120562,5.9604645e-08,0.7411765,0.029120266,0.0008479899,21668,BYD Dolphin GLX,44.9,33.27882388117284,0.7411764784225577,0.7411764784225577,0.0,92.0,92.0,20.0,80.0,60.0,0.3817739117504926,0.8,2025-05-02 15:38:00,2025-05-02 16:13:00,628885,61
14,1.0578277,1.1920929e-07,1.05,0.007827759,6.127381e-05,21698,BYD Seal Perfomance,82.56,96.63578819444444,1.1704916205722438,1.05,2.0,83.0,81.0,20.0,80.0,60.0,0.0221311475409836,0.0333333333333333,2025-05-03 02:51:00,2025-05-03 03:53:00,363012,61
15,1.0376146,2.3841858e-07,0.92625403,0.11136055,0.012401172,21714,BYD M6 Performance,55.4,51.31447417534722,0.926254046486412,0.926254046486412,0.0,95.0,95.0,20.0,80.0,60.0,0.1262129491637688,0.5333333333333333,2025-05-03 04:54:00,2025-05-03 05:43:00,628886,61
16,1.0413038,1.1920929e-07,0.91253835,0.1287654,0.01658053,21731,BYD M6 Performance,55.4,50.55462385759383,0.912538336779672,0.912538336779672,0.0,93.0,93.0,20.0,80.0,60.0,0.1154164598450595,0.5166666820645337,2025-05-03 06:40:00,2025-05-03 07:26:00,628886,61
17,1.0408423,1.1920929e-07,1.05,0.009157658,8.3862695e-05,21742,BYD M6 Performance,55.4,59.54612500000001,1.0748398014440437,1.05,0.0,96.0,96.0,20.0,80.0,60.0,0.0274134790528233,0.0333333333333333,2025-05-03 08:13:00,2025-05-03 09:15:00,628886,61
18,0.71351695,1.1920929e-07,0.7,0.0135169625,0.00018270827,21782,BYD M6 Performance,55.4,38.72801233843808,0.6990615945566442,0.7,0.0,100.0,100.0,20.0,80.0,60.0,0.2892956887599361,0.7166666922966648,2025-05-03 12:28:00,2025-05-03 13:13:00,1332152,61
19,0.80357534,1.7881393e-07,0.9669758,0.16340047,0.026699714,21791,BYD Dolphin GLX,44.9,43.41721351277637,0.966975802066289,0.966975802066289,0.0,97.0,97.0,20.0,80.0,60.0,0.1920204566544657,0.6166666715674931,2025-05-03 13:43:00,2025-05-03 14:30:00,628886,61
20,0.8126562,1.1920929e-07,0.7762873,0.036368906,0.0013226974,21811,BYD M6 Performance,55.4,43.00631740622899,0.7762873178019674,0.7762873178019674,0.0,100.0,100.0,20.0,80.0,60.0,0.206411656364826,0.6333333584997399,2025-05-03 20:56:00,2025-05-03 21:46:00,628886,61
21,0.76349354,0.0,0.7485525,0.014941037,0.00022323457,21814,BYD M6 Performance,55.4,41.46980991024677,0.7485525254557178,0.7485525254557178,0.0,100.0,100.0,20.0,80.0,60.0,0.2135109294706479,0.6500000387430214,2025-05-03 22:55:00,2025-05-04 00:07:00,628886,61
22,0.7158973,1.1920929e-07,0.7,0.015897334,0.0002527252,21834,BYD M6 Performance,55.4,33.24169772376543,0.6000306448333109,0.7,0.0,81.0,81.0,20.0,80.0,60.0,0.3817739117504926,0.8,2025-05-04 03:23:00,2025-05-04 03:46:00,628886,61
23,0.71511245,5.9604645e-08,0.7,0.01511246,0.00022838643,21868,BYD M6 Performance,55.4,37.95023938692396,0.6850223716051257,0.7,0.0,100.0,100.0,20.0,80.0,60.0,0.270624275267583,0.7000000417232538,2025-05-04 08:51:00,2025-05-04 09:40:00,628886,61
24,1.0509778,0.0,1.05,0.0009778738,9.562372e-07,21881,BYD M6 Performance,55.4,61.20627777777777,1.1048064580826311,1.05,8.0,100.0,92.0,20.0,80.0,60.0,0.0311475409836065,0.0333333333333333,2025-05-04 10:25:00,2025-05-04 11:26:00,1332151,61
25,1.0556152,1.1920929e-07,1.05,0.0056152344,3.1530857e-05,21900,BYD Atto 3 Premium,60.48,64.86405555555555,1.07248769106408,1.05,15.0,100.0,85.0,20.0,80.0,60.0,0.0241347905282331,0.0333333333333333,2025-05-04 12:34:00,2025-05-04 13:44:00,363012,61
26,1.0567704,0.0,1.05,0.0067704916,4.5839555e-05,21910,BYD Atto 3 Dynamic,49.92,60.70616319444445,1.2160689742476851,1.05,19.0,100.0,81.0,20.0,80.0,60.0,0.0308561020036429,0.05,2025-05-04 13:36:00,2025-05-04 14:35:00,351899,61
27,0.91733676,1.1920929e-07,0.98318124,0.065844476,0.004335495,21926,BYD Dolphin GLX,44.9,44.14483847853713,0.9831812578738782,0.9831812578738782,0.0,93.0,93.0,20.0,80.0,60.0,0.1780845551798052,0.6000000143051151,2025-05-04 15:38:00,2025-05-04 16:20:00,628886,61
28,1.0600092,1.1920929e-07,1.05,0.010009289,0.00010018586,21976,BYD Atto 3 Dynamic,49.92,96.34942708333332,1.9300766643295937,1.05,7.0,82.0,75.0,20.0,80.0,60.0,0.0232240437158469,0.0333333333333333,2025-05-05 03:43:00,2025-05-05 04:40:00,351898,61
29,1.0433137,1.1920929e-07,1.05,0.0066862106,4.470541e-05,22043,BYD Dolphin GLX,44.9,61.63806944444445,1.372785511012126,1.05,8.0,100.0,92.0,20.0,80.0,60.0,0.0266848816029143,0.0333333333333333,2025-05-05 13:04:00,2025-05-05 14:13:00,351898,61
30,1.0438825,0.0,1.05,0.006117463,3.7423353e-05,22061,BYD Dolphin GLX,44.9,58.05715920673606,1.293032499036438,1.05,0.0,88.0,88.0,20.0,80.0,60.0,0.0387978141114456,0.3666666637526618,2025-05-05 17:07:00,2025-05-05 17:52:00,628886,61
31,1.0428417,1.1920929e-07,1.05,0.0071582794,5.1240964e-05,22102,BYD M6 Performance,55.4,60.49945739810177,1.0920479674747612,1.05,0.0,86.0,86.0,20.0,80.0,60.0,0.0321245237904397,0.3499999916553499,2025-05-06 03:25:00,2025-05-06 04:10:00,628886,61
32,1.0408385,2.3841858e-07,1.05,0.009161472,8.393257e-05,22108,BYD M6 Performance,55.4,59.51861805555556,1.0743432862013638,1.05,0.0,100.0,100.0,20.0,80.0,60.0,0.0276867030965391,0.0333333333333333,2025-05-06 05:10:00,2025-05-06 06:16:00,628886,61
33,1.0338992,1.1920929e-07,1.05,0.016100764,0.0002592346,22111,BYD Atto 3 Dynamic,49.92,63.03455555555553,1.2627114494301988,1.05,4.0,100.0,96.0,20.0,80.0,60.0,0.0198907103825136,0.0333333333333333,2025-05-06 05:57:00,2025-05-06 07:23:00,351899,61
34,1.0559428,1.1920929e-07,1.05,0.0059428215,3.5317127e-05,22112,BYD M6 Performance,55.4,62.64547916666668,1.1307848225030086,1.05,17.0,92.0,75.0,20.0,80.0,60.0,0.0307832422586521,0.0333333333333333,2025-05-06 05:58:00,2025-05-06 06:46:00,1332152,61
35,1.0698841,1.1920929e-07,1.05,0.01988411,0.0003953778,22130,BYD Atto 3 Dynamic,49.92,67.68469791666666,1.355863339676816,1.05,15.0,96.0,81.0,20.0,80.0,60.0,0.0271402550091074,0.0333333333333333,2025-05-06 08:38:00,2025-05-06 09:36:00,351898,61
36,1.0501683,0.0,1.05,0.00016832352,2.8332806e-08,22151,BYD Atto 3 Dynamic,49.92,55.71495486111111,1.11608483295495,1.05,12.0,95.0,83.0,20.0,80.0,60.0,0.0288524590163934,0.05,2025-05-06 11:19:00,2025-05-06 12:18:00,351899,61
37,1.0828354,2.3841858e-07,1.05,0.032835484,0.001078169,22169,BYD Seal Perfomance,82.56,96.15322916666668,1.1646466711078811,1.05,9.0,100.0,91.0,20.0,80.0,60.0,0.0232604735883424,0.05,2025-05-06 13:55:00,2025-05-06 15:20:00,363013,61
38,0.71808535,0.0,0.8637146,0.14562923,0.02120787,22171,BYD Dolphin GLX,44.9,38.78078546276301,0.8637145982797999,0.8637145982797999,0.0,93.0,93.0,20.0,80.0,60.0,0.2699326468223096,0.7000000417232538,2025-05-06 14:35:00,2025-05-06 15:14:00,628886,61
39,0.73174196,0.0,0.7327812,0.001039207,1.0799512e-06,22182,BYD M6 Performance,55.4,40.596076504787504,0.7327811643463449,0.7327811643463449,0.0,100.0,100.0,20.0,80.0,60.0,0.2529013789970443,0.6833333727055149,2025-05-06 20:57:00,2025-05-06 21:46:00,628886,61
40,1.0466259,0.0,1.05,0.0033740997,1.1384549e-05,22258,BYD Dolphin GLX,44.9,62.556895833333336,1.3932493504083148,1.05,9.0,100.0,91.0,20.0,80.0,60.0,0.0277777777777777,0.0333333333333333,2025-05-07 11:19:00,2025-05-07 12:27:00,363012,61
41,1.0391219,2.3841858e-07,1.05,0.010878086,0.000118332755,22274,BYD Dolphin GLX,44.9,49.6008175154321,1.1046952676042785,1.05,0.0,95.0,95.0,20.0,80.0,60.0,0.1056693989071038,0.5,2025-05-07 14:28:00,2025-05-07 15:17:00,628886,61
42,1.0447905,1.1920929e-07,0.971266,0.073524535,0.005405857,22282,BYD M6 Performance,55.4,53.80813350210576,0.9712659476914398,0.9712659476914398,0.0,94.0,94.0,20.0,80.0,60.0,0.0848087434147563,0.4666666815016009,2025-05-07 17:16:00,2025-05-07 18:06:00,628886,61
43,1.0712812,1.1920929e-07,1.05,0.021281242,0.00045289128,22298,BYD Atto 3 Dynamic,49.92,68.15821875,1.3653489332932691,1.05,11.0,100.0,89.0,20.0,80.0,60.0,0.0299453551912568,0.05,2025-05-08 01:28:00,2025-05-08 02:29:00,351899,61
44,0.71292996,1.1920929e-07,0.7,0.012929976,0.00016718428,22319,BYD M6 Performance,55.4,30.249159434022985,0.5460137081953608,0.7,0.0,83.0,83.0,20.0,80.0,60.0,0.4671117318759561,0.8666667630937471,2025-05-08 05:26:00,2025-05-08 05:48:00,352681,61
45,1.047107,1.1920929e-07,1.05,0.002892971,8.369281e-06,22363,BYD Atto 3 Premium,60.48,66.19412500000001,1.0944795800264553,1.05,11.0,100.0,89.0,20.0,80.0,60.0,0.0249908925318761,0.05,2025-05-08 13:09:00,2025-05-08 14:19:00,351898,61
46,0.725851,0.0,0.8787204,0.1528694,0.023369055,22368,BYD Dolphin GLX,44.9,39.45454513704882,0.8787203816714659,0.8787203816714659,0.0,93.0,93.0,20.0,80.0,60.0,0.2537743040970999,0.6833333727055149,2025-05-08 13:50:00,2025-05-08 14:29:00,628886,61
47,1.0710361,0.0,1.05,0.021036148,0.00044251952,22383,BYD Atto 3 Dynamic,49.92,62.405184027777786,1.250103846710292,1.05,16.0,100.0,84.0,20.0,80.0,60.0,0.0349453551912568,0.05,2025-05-08 15:53:00,2025-05-08 16:50:00,351899,61
48,1.0418527,2.3841858e-07,1.05,0.00814724,6.637751e-05,22388,BYD M6 Performance,55.4,58.20335273290801,1.0506020348900362,1.05,0.0,100.0,100.0,20.0,80.0,60.0,0.0385919061369542,0.3666666637526618,2025-05-08 23:18:00,2025-05-09 00:18:00,628886,61
49,1.0490706,2.3841858e-07,1.05,0.0009293556,8.6370187e-07,22405,BYD M6 Performance,55.4,62.53120138888889,1.1287220467308463,1.05,10.0,100.0,90.0,20.0,80.0,60.0,0.0263205828779599,0.0333333333333333,2025-05-09 01:36:00,2025-05-09 02:40:00,363013,61
50,0.7415083,1.1920929e-07,1.05,0.30849165,0.09516709,22478,BYD Atto 3 Premium,60.48,65.12094444444445,1.0767351925338038,1.05,5.0,100.0,95.0,20.0,80.0,60.0,0.0109289617486338,0.0166666666666666,2025-05-09 11:05:00,2025-05-09 13:23:00,702618,61
51,1.0835367,0.0,1.05,0.03353679,0.0011247164,22480,BYD Han Performance,85.44,98.53879166666668,1.153309827559301,1.05,11.0,86.0,75.0,20.0,80.0,60.0,0.0234972677595628,0.0333333333333333,2025-05-09 11:11:00,2025-05-09 12:11:00,363012,61
52,1.0693957,0.0,1.05,0.019395709,0.00037619352,22498,BYD Han Performance,85.44,98.0050763888889,1.1470631599823138,1.05,10.0,100.0,90.0,20.0,80.0,60.0,0.0263205828779599,0.0333333333333333,2025-05-09 14:32:00,2025-05-09 15:42:00,363012,61
53,1.0474313,0.0,1.05,0.0025686026,6.597719e-06,22520,BYD Dolphin GLX,44.9,48.957986111111104,1.0903783098243007,1.05,19.0,98.0,79.0,20.0,80.0,60.0,0.0348178506375227,0.05,2025-05-10 01:02:00,2025-05-10 01:54:00,1362798,61
54,1.0431259,2.3841858e-07,1.05,0.0068740845,4.7253037e-05,22532,BYD Dolphin GLX,44.9,58.20535950517568,1.2963331738346475,1.05,0.0,100.0,100.0,20.0,80.0,60.0,0.0387978141114456,0.3666666637526618,2025-05-10 02:51:00,2025-05-10 03:45:00,628886,61
55,0.70958114,5.9604645e-08,0.7,0.009581149,9.179841e-05,22552,BYD M6 Performance,55.4,21.70831996206288,0.3918469307231566,0.7,0.0,97.0,97.0,20.0,80.0,60.0,0.6390352057171823,0.9833334251576086,2025-05-10 05:15:00,2025-05-10 05:49:00,628886,61
56,0.7121478,1.1920929e-07,0.7,0.012147784,0.00014756866,22554,BYD M6 Performance,55.4,20.70918469198833,0.3738119980503309,0.7,0.0,100.0,100.0,20.0,80.0,60.0,0.692223955520387,1.0166667696833716,2025-05-10 05:53:00,2025-05-10 06:30:00,628886,61
57,1.0619586,1.1920929e-07,1.05,0.011958599,0.00014300809,22596,BYD Atto 3 Dynamic,49.92,62.6981701388889,1.2559729595129987,1.05,2.0,100.0,98.0,20.0,80.0,60.0,0.0344899817850637,0.05,2025-05-10 12:20:00,2025-05-10 13:23:00,351898,61
58,0.71760356,1.1920929e-07,0.7,0.017603576,0.0003098859,22608,BYD Seal Perfomance,82.56,26.418788217741348,0.3199950123272934,0.7,0.0,100.0,100.0,20.0,80.0,60.0,0.5107368799559253,0.9000001502037299,2025-05-10 14:17:00,2025-05-10 15:02:00,628885,61
59,1.0500815,1.1920929e-07,1.05,8.1539154e-05,6.6486336e-09,22612,BYD Dolphin GLX,44.9,62.01169791666668,1.38110685783222,1.05,7.0,100.0,93.0,20.0,80.0,60.0,0.030783242258652,0.0333333333333333,2025-05-10 15:02:00,2025-05-10 16:05:00,363012,61
60,1.0358278,1.1920929e-07,1.05,0.014172196,0.00020085115,22651,BYD Atto 3 Dynamic,49.92,54.02589583333334,1.082249515892094,1.05,9.0,100.0,91.0,20.0,80.0,60.0,0.0285974499089253,0.0333333333333333,2025-05-11 02:00:00,2025-05-11 03:05:00,363012,61
61,1.0725553,2.3841858e-07,1.05,0.022555351,0.00050874386,22657,BYD Han Performance,85.44,94.43308680555556,1.10525616579536,1.05,16.0,100.0,84.0,20.0,80.0,60.0,0.022495446265938,0.0333333333333333,2025-05-11 03:17:00,2025-05-11 04:34:00,363012,61
62,1.0311191,1.1920929e-07,1.05,0.018880844,0.00035648627,22689,BYD Dolphin GLX,44.9,48.94659722222222,1.0901246597376888,1.05,7.0,99.0,92.0,20.0,80.0,60.0,0.02959927140255,0.0333333333333333,2025-05-11 09:18:00,2025-05-11 10:24:00,363012,61
63,1.0564921,1.1920929e-07,1.05,0.006492138,4.2147854e-05,22694,BYD Dolphin GLX,44.9,62.46414236111111,1.3911835715169512,1.05,12.0,100.0,88.0,20.0,80.0,60.0,0.0306921675774134,0.0333333333333333,2025-05-11 10:28:00,2025-05-11 11:30:00,363012,61
64,1.0642626,2.3841858e-07,1.05,0.014262676,0.00020342393,22701,BYD Atto 3 Premium,60.48,64.90365277777776,1.0731424070399764,1.05,16.0,100.0,84.0,20.0,80.0,60.0,0.0330054644808743,0.05,2025-05-11 11:42:00,2025-05-11 12:37:00,363012,61
65,0.7034511,0.0,0.7,0.003451109,1.1910153e-05,22707,BYD Dolphin GLX,44.9,10.496935200227911,0.2337847483346974,0.7,0.0,94.0,94.0,20.0,80.0,60.0,0.9936171823716458,1.183333417971935,2025-05-11 13:02:00,2025-05-11 13:24:00,628886,61
66,1.0433482,1.1920929e-07,0.7,0.3433482,0.11788799,22711,BYD Seal Perfomance,82.56,52.38756584378102,0.6345393149682779,0.7,0.0,100.0,100.0,20.0,80.0,60.0,0.0946471591546004,0.4833333525392752,2025-05-11 13:40:00,2025-05-11 14:38:00,628886,61
67,0.71280396,1.1920929e-07,0.7,0.012803972,0.00016394169,22717,BYD M6 Performance,55.4,29.56992537776106,0.533753165663557,0.7,0.0,100.0,100.0,20.0,80.0,60.0,0.4647437901637521,0.8666667630937471,2025-05-11 14:24:00,2025-05-11 15:13:00,628885,61
68,1.0523036,1.1920929e-07,1.05,0.0023036003,5.306574e-06,22781,BYD M6 Performance,55.4,63.27080902777778,1.1420723651223426,1.05,15.0,84.0,69.0,20.0,80.0,60.0,0.0258652094717668,0.0333333333333333,2025-05-12 04:28:00,2025-05-12 05:15:00,1332152,61
69,1.0543797,0.0,1.05,0.0043797493,1.9182204e-05,22802,BYD Dolphin GLX,44.9,63.30980555555555,1.410017941103687,1.05,18.0,100.0,82.0,20.0,80.0,60.0,0.0285974499089253,0.0333333333333333,2025-05-12 07:44:00,2025-05-12 08:44:00,363013,61
70,1.0295079,1.1920929e-07,1.05,0.020492077,0.00041992523,22846,BYD Dolphin GLX,44.9,48.05923567708333,1.0703615963715665,1.05,0.0,93.0,93.0,20.0,80.0,60.0,0.1274402657237758,0.5333333333333333,2025-05-12 16:35:00,2025-05-12 17:20:00,628886,61
71,0.7098019,1.7881393e-07,0.7,0.009801924,9.607772e-05,22858,BYD M6 Performance,55.4,36.63600822951362,0.661299787536347,0.7,0.0,99.0,99.0,20.0,80.0,60.0,0.3233032398243743,0.7500000447034862,2025-05-13 00:22:00,2025-05-13 01:09:00,628886,61
72,0.7139232,1.1920929e-07,0.7023115,0.0116117,0.00013483159,22869,BYD M6 Performance,55.4,38.90805894947298,0.7023115333839889,0.7023115333839889,0.0,97.0,97.0,20.0,80.0,60.0,0.2702599765426285,0.7000000417232538,2025-05-13 02:02:00,2025-05-13 02:47:00,628886,61
73,0.7847186,5.9604645e-08,0.74828684,0.03643173,0.001327271,22963,BYD M6 Performance,55.4,41.45509129819902,0.7482868465378885,0.7482868465378885,0.0,100.0,100.0,20.0,80.0,60.0,0.2009016381498898,0.6333333584997399,2025-05-13 14:41:00,2025-05-13 15:49:00,628886,61
74,0.72197825,5.9604645e-08,0.7981797,0.07620144,0.0058066593,22964,BYD Dolphin GLX,44.9,35.8382666438394,0.7981796579919688,0.7981796579919688,0.0,85.0,85.0,20.0,80.0,60.0,0.285674445353532,0.733333391613435,2025-05-13 14:52:00,2025-05-13 15:44:00,628885,61
75,0.7141829,0.0,0.7,0.014182925,0.00020115537,22978,BYD M6 Performance,55.4,30.34631286926085,0.5477673803115676,0.7,0.0,99.0,99.0,20.0,80.0,60.0,0.4673547886220856,0.8666667630937471,2025-05-13 23:58:00,2025-05-14 00:38:00,628886,61
76,1.0544198,1.1920929e-07,0.999579,0.054840744,0.0030075072,23073,BYD M6 Performance,55.4,55.37667677289844,0.9995790031209104,0.9995790031209104,0.0,100.0,100.0,20.0,80.0,60.0,0.0646792150727512,0.4333333367771573,2025-05-14 14:09:00,2025-05-14 15:18:00,628886,61
77,1.0638237,0.0,1.05,0.013823748,0.000191096,23075,BYD Atto 3 Premium,60.48,65.26301388888889,1.0790842243533216,1.05,11.0,100.0,89.0,20.0,80.0,60.0,0.0296539162112932,0.05,2025-05-14 14:22:00,2025-05-14 15:22:00,363012,61
78,0.7077141,0.0,0.85313475,0.14542067,0.021147171,23077,BYD Dolphin GLX,44.9,38.305749968719134,0.8531347431785999,0.8531347431785999,0.0,90.0,90.0,20.0,80.0,60.0,0.2519755900366658,0.7000000417232538,2025-05-14 14:39:00,2025-05-14 15:34:00,628885,61
79,1.0439321,0.0,1.0450108,0.0010787249,1.1636473e-06,23109,BYD Atto 3 Premium,60.48,63.20225694444446,1.045010862176661,1.045010862176661,13.0,100.0,87.0,20.0,80.0,60.0,0.0283242258652094,0.0333333333333333,2025-05-15 01:27:00,2025-05-15 02:29:00,363013,61
80,1.0432479,1.1920929e-07,1.05,0.006752014,4.5589695e-05,23157,BYD M6 Performance,55.4,60.51755555555555,1.0923746490172483,1.05,0.0,100.0,100.0,20.0,80.0,60.0,0.0271402550091074,0.0333333333333333,2025-05-15 09:34:00,2025-05-15 10:38:00,628886,61
81,0.7299318,0.0,0.7,0.029931784,0.00089591165,23163,BYD Atto 3 Premium,60.48,21.316135416666665,0.3524493289792769,0.7,19.0,91.0,72.0,20.0,80.0,60.0,0.0244990892531876,0.0333333333333333,2025-05-15 10:16:00,2025-05-15 11:12:00,351899,61
82,1.0628089,0.0,1.05,0.012808919,0.0001640684,23187,BYD Dolphin GLX,44.9,62.3416076388889,1.388454513115566,1.05,11.0,100.0,89.0,20.0,80.0,60.0,0.034335154826958,0.05,2025-05-15 13:30:00,2025-05-15 14:30:00,351899,61
83,0.99042827,0.0,1.05,0.059571683,0.0035487856,23188,BYD Dolphin GLX,44.9,59.13176011131736,1.3169657040382483,1.05,0.0,90.0,90.0,20.0,80.0,60.0,0.0271518461948113,0.3499999916553499,2025-05-15 13:47:00,2025-05-15 14:51:00,628886,61
84,1.0378697,0.0,1.05,0.0121302605,0.00014714322,23214,BYD Dolphin GLX,44.9,48.26049614197532,1.07484401207072,1.05,6.0,98.0,92.0,20.0,80.0,60.0,0.0352276867030965,0.05,2025-05-16 00:30:00,2025-05-16 01:27:00,1332151,61
85,1.0418108,1.1920929e-07,1.05,0.008189201,6.706302e-05,23217,BYD Atto 3 Dynamic,49.92,54.581468750000006,1.0933787810496796,1.05,10.0,81.0,71.0,20.0,80.0,60.0,0.0306739526411657,0.05,2025-05-16 00:55:00,2025-05-16 01:36:00,1362797,61
86,0.71531653,5.9604645e-08,0.7,0.015316546,0.00023459658,23219,BYD M6 Performance,55.4,24.0882015137262,0.4348050814752021,0.7,0.0,100.0,100.0,20.0,80.0,60.0,0.6123497233139916,0.9666667050785503,2025-05-16 01:10:00,2025-05-16 01:51:00,628886,61
87,0.7123568,5.9604645e-08,0.7,0.012356818,0.00015269095,23232,BYD M6 Performance,55.4,23.763747127410557,0.4289485041048836,0.7,0.0,83.0,83.0,20.0,80.0,60.0,0.6121036673097432,0.9666667050785503,2025-05-16 02:41:00,2025-05-16 02:59:00,628886,61
88,1.059555,0.0,1.05,0.009555101,9.129996e-05,23259,BYD M6 Performance,55.4,62.65592708333333,1.1309734130565583,1.05,19.0,100.0,81.0,20.0,80.0,60.0,0.0307832422586521,0.0333333333333333,2025-05-16 06:34:00,2025-05-16 07:31:00,1362797,61
89,1.0732324,2.3841858e-07,1.05,0.02323246,0.0005397472,23292,BYD Atto 3 Dynamic,49.92,54.24701041666667,1.0866788945646368,1.05,14.0,100.0,86.0,20.0,80.0,60.0,0.0316939890710382,0.05,2025-05-16 11:07:00,2025-05-16 12:03:00,351899,61
90,1.074043,1.1920929e-07,1.05,0.024043083,0.0005780698,23309,BYD Dolphin GLX,44.9,62.34934722222224,1.3886268869091811,1.05,13.0,100.0,87.0,20.0,80.0,60.0,0.0349453551912568,0.05,2025-05-16 13:25:00,2025-05-16 14:24:00,351899,61
91,1.0422803,1.1920929e-07,1.05,0.007719636,5.9592778e-05,23312,BYD Dolphin GLX,44.9,59.59897222222222,1.3273713189804504,1.05,0.0,100.0,100.0,20.0,80.0,60.0,0.0275045537340619,0.0333333333333333,2025-05-16 13:55:00,2025-05-16 14:53:00,628886,61
92,1.0319054,2.3841858e-07,1.05,0.01809454,0.00032741236,23332,BYD Dolphin GLX,44.9,49.379444444444445,1.0997649096758229,1.05,6.0,95.0,89.0,20.0,80.0,60.0,0.0345719489981785,0.05,2025-05-16 22:01:00,2025-05-16 22:50:00,363012,61
93,1.0339653,1.1920929e-07,1.05,0.016034603,0.0002571085,23357,BYD Dolphin GLX,44.9,48.160027777777785,1.0726064093046277,1.05,17.0,85.0,68.0,20.0,80.0,60.0,0.0349362477231329,0.05,2025-05-17 02:13:00,2025-05-17 02:48:00,1332151,61
94,1.0683525,2.3841858e-07,1.05,0.018352509,0.00033681456,23459,BYD Dolphin GLX,44.9,62.22944135802468,1.3859563776842914,1.05,9.0,100.0,91.0,20.0,80.0,60.0,0.0335883424408014,0.05,2025-05-17 12:41:00,2025-05-17 13:42:00,351899,61
95,0.6998481,1.1920929e-07,0.7,0.00015187263,2.3065297e-08,23466,BYD Dolphin GLX,44.9,14.568551752756369,0.324466631464507,0.7,0.0,98.0,98.0,20.0,80.0,60.0,0.8471588227983231,1.11666670660178,2025-05-17 13:45:00,2025-05-17 14:19:00,628886,61
96,0.7135306,0.0,0.7,0.013530612,0.00018307746,23550,BYD M6 Performance,55.4,15.520133708419868,0.2801468178415138,0.7,0.0,85.0,85.0,20.0,80.0,60.0,0.6886979243904087,1.0166667696833716,2025-05-18 09:03:00,2025-05-18 09:31:00,702620,61
97,0.8243578,1.1920929e-07,0.8171473,0.007210493,5.199121e-05,23564,BYD M6 Performance,55.4,45.269961022110536,0.8171473108684213,0.8171473108684213,0.0,100.0,100.0,20.0,80.0,60.0,0.1910603009053877,0.6166666715674931,2025-05-18 12:09:00,2025-05-18 13:02:00,628886,61
98,0.7116977,1.1920929e-07,0.7564526,0.044754922,0.0020030031,23572,BYD Dolphin GLX,44.9,33.96472181134082,0.7564526015888825,0.7564526015888825,0.0,100.0,100.0,20.0,80.0,60.0,0.3621594010364017,0.7833334267139546,2025-05-18 13:45:00,2025-05-18 14:29:00,628886,61
99,1.055853,1.1920929e-07,1.05,0.005853057,3.4258275e-05,23600,BYD Atto 3 Premium,60.48,64.91971875,1.0734080481150794,1.05,15.0,100.0,85.0,20.0,80.0,60.0,0.0242258652094717,0.0333333333333333,2025-05-19 00:46:00,2025-05-19 01:54:00,363012,61
100,1.0558969,0.0,1.05,0.005896926,3.4773737e-05,23607,BYD M6 Performance,55.4,61.54283333333332,1.1108814681107098,1.05,11.0,100.0,89.0,20.0,80.0,60.0,0.0310564663023679,0.0333333333333333,2025-05-19 01:10:00,2025-05-19 02:10:00,1362797,61
101,1.0419753,2.3841858e-07,1.05,0.008024693,6.439569e-05,23618,BYD Han Performance,85.44,95.23030208333334,1.1145868689528715,1.05,18.0,100.0,82.0,20.0,80.0,60.0,0.0179417122040072,0.0333333333333333,2025-05-19 02:16:00,2025-05-19 03:39:00,363013,61
102,1.0411828,1.1920929e-07,1.05,0.008817196,7.7742945e-05,23650,BYD M6 Performance,55.4,59.6624861111111,1.0769401825110307,1.05,0.0,100.0,100.0,20.0,80.0,60.0,0.0275045537340619,0.0333333333333333,2025-05-19 07:06:00,2025-05-19 08:11:00,628886,61
103,1.0619333,1.1920929e-07,1.05,0.011933327,0.00014240429,23666,BYD Dolphin GLX,44.9,61.22983333333333,1.3636933927245731,1.05,5.0,100.0,95.0,20.0,80.0,60.0,0.0311475409836065,0.0333333333333333,2025-05-19 09:47:00,2025-05-19 10:50:00,363013,61
104,0.7130964,1.1920929e-07,0.74005824,0.026961863,0.00072694203,23698,BYD Dolphin GLX,44.9,33.22861439043211,0.7400582269583988,0.7400582269583988,0.0,95.0,95.0,20.0,80.0,60.0,0.3817739117504926,0.8,2025-05-19 15:39:00,2025-05-19 16:17:00,628886,61
105,1.0447443,2.3841858e-07,1.05,0.005255699,2.7622373e-05,23707,BYD M6 Performance,55.4,61.69125694444444,1.1135605946650622,1.05,2.0,100.0,98.0,20.0,80.0,60.0,0.026775956284153,0.0333333333333333,2025-05-19 18:33:00,2025-05-19 19:48:00,699697,61
106,1.0468118,1.1920929e-07,1.05,0.0031881332,1.0164194e-05,23715,BYD M6 Performance,55.4,60.67471527777778,1.095211467107902,1.05,14.0,100.0,86.0,20.0,80.0,60.0,0.0274134790528233,0.0333333333333333,2025-05-20 00:57:00,2025-05-20 02:00:00,702620,61
107,0.72245216,0.0,0.7,0.022452176,0.0005041002,23736,BYD M6 Performance,55.4,18.7237329907268,0.3379735196882094,0.7,0.0,93.0,93.0,20.0,80.0,60.0,0.6130783207639007,0.9666667050785503,2025-05-20 03:13:00,2025-05-20 03:41:00,702620,61
108,1.02755,1.1920929e-07,1.05,0.02244997,0.00050400116,23824,BYD Dolphin GLX,44.9,48.03483938356322,1.069818249077132,1.05,0.0,92.0,92.0,20.0,80.0,60.0,0.1386906663958184,0.5500000196695335,2025-05-20 14:38:00,2025-05-20 15:21:00,628886,61
109,1.0400487,0.0,1.05,0.009951234,9.902706e-05,23838,BYD Dolphin GLX,44.9,48.46661111111111,1.079434545904479,1.05,18.0,88.0,70.0,20.0,80.0,60.0,0.0353369763205828,0.05,2025-05-20 23:08:00,2025-05-20 23:47:00,363012,61
110,0.8016348,0.0,0.77097094,0.030663848,0.0009402716,23840,BYD M6 Performance,55.4,42.711789757201885,0.7709709342455214,0.7709709342455214,0.0,100.0,100.0,20.0,80.0,60.0,0.219755431671997,0.6500000387430214,2025-05-21 00:27:00,2025-05-21 01:24:00,628886,61
111,1.0319188,1.1920929e-07,1.05,0.018081188,0.00032692938,23854,BYD Dolphin GLX,44.9,50.67040277777778,1.1285167656520665,1.05,11.0,99.0,88.0,20.0,80.0,60.0,0.0289617486338797,0.0333333333333333,2025-05-21 01:39:00,2025-05-21 02:42:00,363012,61
112,1.0412959,0.0,1.0269254,0.014370441,0.00020650959,23939,BYD M6 Performance,55.4,56.89166859567901,1.0269254259147835,1.0269254259147835,0.0,97.0,97.0,20.0,80.0,60.0,0.0521017234131988,0.4,2025-05-21 12:03:00,2025-05-21 12:59:00,628886,61
113,1.0417435,2.3841858e-07,1.05,0.008256435,6.816872e-05,23958,BYD Dolphin GLX,44.9,58.86734194081377,1.311076657924583,1.05,0.0,95.0,95.0,20.0,80.0,60.0,0.0331472240632402,0.3499999916553499,2025-05-21 16:13:00,2025-05-21 17:07:00,628886,61
114,1.0101154,0.0,0.93195826,0.07815713,0.0061085364,23986,BYD M6 Performance,55.4,51.630486882716056,0.9319582469804344,0.9319582469804344,0.0,92.0,92.0,20.0,80.0,60.0,0.0991212039774254,0.5,2025-05-22 01:57:00,2025-05-22 02:58:00,628885,61
115,1.0587312,1.1920929e-07,1.05,0.008731246,7.623465e-05,23995,BYD M6 Performance,55.4,60.03300694444446,1.0836282841957483,1.05,14.0,92.0,78.0,20.0,80.0,60.0,0.031511839708561,0.0333333333333333,2025-05-22 03:34:00,2025-05-22 04:22:00,1362797,61
116,1.0552675,0.0,1.05,0.005267501,2.7746566e-05,24061,BYD Atto 3 Premium,60.48,65.2208611111111,1.0783872538212815,1.05,9.0,100.0,91.0,20.0,80.0,60.0,0.0273132969034608,0.05,2025-05-22 13:10:00,2025-05-22 14:14:00,351898,61
117,0.7133769,1.1920929e-07,0.77510494,0.06172806,0.0038103533,24075,BYD Dolphin GLX,44.9,34.802211694210975,0.7751049375102668,0.7751049375102668,0.0,99.0,99.0,20.0,80.0,60.0,0.3426684879629519,0.7666667093171038,2025-05-22 15:19:00,2025-05-22 16:00:00,628886,61
118,1.0545057,0.0,1.05,0.0045057535,2.0301815e-05,24081,BYD M6 Performance,55.4,62.14196875000002,1.121696186823105,1.05,6.0,100.0,94.0,20.0,80.0,60.0,0.0322768670309653,0.05,2025-05-22 16:42:00,2025-05-22 17:44:00,351899,61
119,1.0265892,1.1920929e-07,0.8616421,0.16494703,0.027207524,24092,BYD M6 Performance,55.4,47.7349739712341,0.8616421294446588,0.8616421294446588,0.0,95.0,95.0,20.0,80.0,60.0,0.1391907352773773,0.5500000196695335,2025-05-22 23:47:00,2025-05-23 00:34:00,628885,61
120,1.0553093,0.0,1.05,0.0053093433,2.8189126e-05,24101,BYD Atto 3 Premium,60.48,64.8063611111111,1.0715337485302765,1.05,16.0,100.0,84.0,20.0,80.0,60.0,0.0239526411657559,0.0333333333333333,2025-05-23 00:58:00,2025-05-23 02:09:00,363012,61
121,1.0598667,1.1920929e-07,1.05,0.0098667145,9.735205e-05,24128,BYD Atto 3 Premium,60.48,66.17876388888888,1.0942255934009406,1.05,2.0,100.0,98.0,20.0,80.0,60.0,0.0267213114754098,0.05,2025-05-23 04:16:00,2025-05-23 05:24:00,363012,61
122,1.0445187,0.0,1.0275238,0.016994953,0.00028882842,24130,BYD M6 Performance,55.4,56.92481388888889,1.0275237164059368,1.0275237164059368,0.0,84.0,84.0,20.0,80.0,60.0,0.0589354381674322,0.4166666708058781,2025-05-23 04:45:00,2025-05-23 05:25:00,628885,61
123,1.0542891,2.3841858e-07,1.05,0.0042891502,1.839681e-05,24183,BYD Atto 3 Premium,60.48,64.06285416666667,1.0592403136022928,1.05,13.0,100.0,87.0,20.0,80.0,60.0,0.0243169398907103,0.0333333333333333,2025-05-23 13:16:00,2025-05-23 14:28:00,363013,61
124,1.0638498,0.0,1.05,0.0138498545,0.00019181847,24188,BYD Dolphin GLX,44.9,62.25905208333333,1.3866158593170008,1.05,8.0,100.0,92.0,20.0,80.0,60.0,0.0347449908925318,0.05,2025-05-23 13:25:00,2025-05-23 14:26:00,351899,61
125,0.79737496,1.7881393e-07,0.74045014,0.05692482,0.0032404352,24193,BYD M6 Performance,55.4,41.02093750000001,0.7404501353790616,0.7404501353790616,0.0,99.0,99.0,20.0,80.0,60.0,0.2361433204495979,0.6666666666666666,2025-05-23 14:34:00,2025-05-23 15:22:00,628885,61
126,0.70474404,1.7881393e-07,0.7,0.004744053,2.2506038e-05,24195,BYD M6 Performance,55.4,29.002807648622134,0.5235163835491361,0.7,0.0,100.0,100.0,20.0,80.0,60.0,0.4412463223168649,0.8500000506639511,2025-05-23 15:00:00,2025-05-23 15:54:00,628886,61
127,0.71007264,1.1920929e-07,0.84395355,0.13388091,0.017924098,24197,BYD Dolphin GLX,44.9,37.89351547410074,0.8439535740334241,0.8439535740334241,0.0,94.0,94.0,20.0,80.0,60.0,0.2720126449791303,0.7166666922966648,2025-05-23 15:33:00,2025-05-23 16:24:00,628885,61
128,1.0569247,1.1920929e-07,1.05,0.0069247484,4.795214e-05,24269,BYD Atto 3 Premium,60.48,66.40990277777777,1.0980473342886536,1.05,18.0,100.0,82.0,20.0,80.0,60.0,0.0237704918032786,0.0333333333333333,2025-05-24 09:04:00,2025-05-24 10:13:00,699539,61
129,1.0434277,1.1920929e-07,1.05,0.0065722466,4.3194425e-05,24276,BYD Dolphin GLX,44.9,60.94762847222224,1.3574082065082904,1.05,16.0,100.0,84.0,20.0,80.0,60.0,0.0271402550091074,0.0333333333333333,2025-05-24 09:47:00,2025-05-24 10:51:00,363012,61
130,0.71336436,5.9604645e-08,0.7,0.013364375,0.00017860651,24294,BYD Dolphin GLX,44.9,22.137958536746392,0.4930503014865566,0.7,0.0,100.0,100.0,20.0,80.0,60.0,0.6385798323109892,0.9833334251576086,2025-05-24 12:10:00,2025-05-24 12:46:00,628886,61
131,1.050966,2.3841858e-07,1.05,0.0009660721,9.3329527e-07,24405,BYD M6 Performance,55.4,61.16427777777779,1.1040483353389494,1.05,8.0,100.0,92.0,20.0,80.0,60.0,0.0310564663023679,0.0333333333333333,2025-05-25 11:38:00,2025-05-25 12:39:00,1362797,61
132,1.0432988,0.0,1.05,0.006701112,4.49049e-05,24421,BYD Dolphin GLX,44.9,59.68594876085046,1.329308435653685,1.05,0.0,98.0,98.0,20.0,80.0,60.0,0.0323977478341556,0.3499999916553499,2025-05-25 14:30:00,2025-05-25 15:28:00,628886,61
133,0.7112252,1.7881393e-07,0.7,0.011225224,0.00012600565,24428,BYD M6 Performance,55.4,35.08065409076672,0.6332248030824318,0.7,0.0,100.0,100.0,20.0,80.0,60.0,0.3427595626441906,0.7666667093171038,2025-05-25 15:32:00,2025-05-25 16:18:00,628886,61
134,0.71376395,1.7881393e-07,0.7,0.013763964,0.00018944671,24519,BYD M6 Performance,55.4,27.09402122285711,0.4890617549252186,0.7,0.0,80.0,80.0,20.0,80.0,60.0,0.5134400238052806,0.9000001502037299,2025-05-26 11:31:00,2025-05-26 11:50:00,628886,61
135,0.78435206,1.1920929e-07,0.7720234,0.012328684,0.00015199646,24547,BYD M6 Performance,55.4,42.77009360659938,0.7720233502996279,0.7720233502996279,0.0,100.0,100.0,20.0,80.0,60.0,0.2061790656389117,0.6333333584997399,2025-05-26 18:50:00,2025-05-26 19:40:00,628886,61
136,1.0559776,2.3841858e-07,1.05,0.0059776306,3.5732068e-05,24562,BYD Atto 3 Premium,60.48,64.20867361111111,1.0616513493900648,1.05,1.0,100.0,99.0,20.0,80.0,60.0,0.0243169398907103,0.0333333333333333,2025-05-27 01:28:00,2025-05-27 02:45:00,702618,61
137,1.0435116,0.0,1.05,0.006488323,4.2098338e-05,24581,BYD Dolphin GLX,44.9,54.33435983503958,1.2101193727180308,1.05,0.0,89.0,89.0,20.0,80.0,60.0,0.0676814991683526,0.4333333367771573,2025-05-27 03:21:00,2025-05-27 04:05:00,628885,61
138,0.7123868,1.7881393e-07,0.7,0.012386799,0.00015343279,24609,BYD M6 Performance,55.4,33.41367119984568,0.6031348592029906,0.7,0.0,100.0,100.0,20.0,80.0,60.0,0.3817739117504926,0.8,2025-05-27 07:21:00,2025-05-27 08:06:00,628885,61
139,1.0280397,1.1920929e-07,1.05,0.021960258,0.00048225294,24695,BYD Dolphin GLX,44.9,48.70332986111112,1.084706678421183,1.05,8.0,100.0,92.0,20.0,80.0,60.0,0.0296903460837887,0.0333333333333333,2025-05-28 01:32:00,2025-05-28 02:36:00,363012,61
140,1.0326864,1.1920929e-07,0.818049,0.21463734,0.046069186,24712,BYD Seal Advanced,61.44,50.260930555555554,0.818048999927662,0.818048999927662,13.0,99.0,86.0,20.0,80.0,60.0,0.0329872495446266,0.05,2025-05-28 04:10:00,2025-05-28 05:09:00,363013,61
141,0.7014197,1.1920929e-07,0.7,0.001419723,2.0156135e-06,24727,BYD M6 Performance,55.4,12.478693387869946,0.2252471730662445,0.7,0.0,99.0,99.0,20.0,80.0,60.0,0.8976241341740012,1.1333334774441373,2025-05-28 05:29:00,2025-05-28 06:00:00,628886,61
142,1.0541284,1.1920929e-07,1.05,0.004128456,1.7044149e-05,24734,BYD Seal Advanced,61.44,73.55740277777778,1.1972233525028937,1.05,11.0,84.0,73.0,20.0,80.0,60.0,0.0193989071038251,0.0333333333333333,2025-05-28 06:36:00,2025-05-28 07:38:00,363012,61
