transaction_pk,tag_id,user_id,car_model_id,car_name,txn_id,nominal_kwh,usable_kwh,label_soh_abs,label_soh,soc_min_full,soc_max_full,delta_soc_full,soc_min_20_80,soc_max_20_80,delta_soc_20_80,dsoc_dt_mean,dsoc_dt_max,start_ts,end_ts,connector,seq_len
8094,0844358555-tag,713,41,BYD Atto 3 Dynamic,8094,49.92,50.73321528,1.01629037,1.01629037,9,100,91,20,80,60,0.031275046,0.05,9/5/2024 4:02,9/5/2024 5:07,363012,61
8201,0399122532-tag,653,41,BYD Atto 3 Dynamic,8201,49.92,50.39531944,1.009521623,1.009521623,7,100,93,20,80,60,0.033897996,0.05,9/9/2024 8:12,9/9/2024 9:15,351899,61
8275,793,793,41,BYD Atto 3 Dynamic,8275,49.92,57.16527546,1.14513773,1.05,15,100,85,20,80,60,0.030510018,0.05,9/12/2024 4:27,9/12/2024 5:25,363012,61
8387,0399122532-tag,653,41,BYD Atto 3 Dynamic,8387,49.92,72.3415625,1.44914989,1.05,11,88,77,20,80,60,0.025136612,0.033333333,9/16/2024 7:42,9/16/2024 8:38,351899,61
8537,802,802,42,BYD Atto 3 Premium,8537,60.48,69.18361111,1.143908914,1.05,8,100,92,20,80,60,0.02996357,0.033333333,9/22/2024 5:16,9/22/2024 6:17,363012,61
8543,819,819,42,BYD Atto 3 Premium,8543,60.48,67.28607407,1.112534294,1.05,11,100,89,20,80,60,0.029717668,0.05,9/22/2024 10:11,9/22/2024 11:16,363013,61
8646,0399122532-tag,653,41,BYD Atto 3 Dynamic,8646,49.92,70.69704167,1.416206764,1.05,19,100,81,20,80,60,0.028233151,0.033333333,9/24/2024 9:30,9/24/2024 10:30,351899,61
8650,796,796,42,BYD Atto 3 Premium,8650,60.48,66.71835069,1.103147333,1.05,9,83,74,20,80,60,0.031411658,0.05,9/24/2024 15:15,9/24/2024 15:57,363012,61
8735,793,793,41,BYD Atto 3 Dynamic,8735,49.92,55.34161111,1.108605992,1.05,6,96,90,20,80,60,0.028178506,0.05,9/27/2024 7:14,9/27/2024 8:16,363012,61
8745,0399122532-tag,653,41,BYD Atto 3 Dynamic,8745,49.92,68.36180556,1.369427195,1.05,10,87,77,20,80,60,0.029417122,0.033333333,9/27/2024 10:16,9/27/2024 11:04,351899,61
8874,0937898885-tag,658,43,BYD Seal Advanced,8874,61.44,21.0870511,0.343213722,0.7,0,100,100,20,80,60,0.718479485,1.033333428,10/2/2024 4:19,10/2/2024 5:00,355367,61
8964,0966881804-tag,668,40,BYD Dolphin GLX,8964,44.9,16.84698158,0.375211171,0.7,0,100,100,20,80,60,0.961353975,1.166666736,10/5/2024 9:22,10/5/2024 9:55,351898,61
9093,0844358555-tag,713,41,BYD Atto 3 Dynamic,9093,49.92,48.69361851,0.975433063,0.975433063,0,100,100,20,80,60,0.225065086,0.650000039,10/9/2024 9:15,10/9/2024 10:05,363012,61
9158,0966881804-tag,668,40,BYD Dolphin GLX,9158,44.9,67.78022569,1.509581864,1.05,15,100,85,20,80,60,0.021766849,0.033333333,10/11/2024 0:51,10/11/2024 2:04,351898,61
9167,793,793,41,BYD Atto 3 Dynamic,9167,49.92,56.43802623,1.130569436,1.05,10,100,90,20,80,60,0.029408015,0.05,10/11/2024 4:06,10/11/2024 5:07,363012,61
9208,0844358555-tag,713,41,BYD Atto 3 Dynamic,9208,49.92,3.960995579,0.079346867,0.7,0,100,100,20,80,60,1.201429532,1.28333366,10/12/2024 5:13,10/12/2024 5:42,363012,61
9298,0399122532-tag,653,41,BYD Atto 3 Dynamic,9298,49.92,69.05034105,1.383219973,1.05,18,88,70,20,80,60,0.031757741,0.05,10/16/2024 1:28,10/16/2024 2:09,351899,61
9301,793,793,41,BYD Atto 3 Dynamic,9301,49.92,55.93288194,1.120450359,1.05,9,91,82,20,80,60,0.029417122,0.033333333,10/16/2024 2:29,10/16/2024 3:20,363013,61
9368,796,796,42,BYD Atto 3 Premium,9368,60.48,67.19744444,1.111068857,1.05,18,100,82,20,80,60,0.023406193,0.033333333,10/18/2024 1:02,10/18/2024 2:07,363012,61
9441,819,819,42,BYD Atto 3 Premium,9441,60.48,69.376625,1.147100281,1.05,16,100,84,20,80,60,0.02704918,0.033333333,10/20/2024 11:35,10/20/2024 12:37,363012,61
9550,0966881804-tag,668,40,BYD Dolphin GLX,9550,44.9,49.95993056,1.112693331,1.05,6,100,94,20,80,60,0.023041894,0.033333333,10/25/2024 0:44,10/25/2024 2:02,351898,61
9551,0399122532-tag,653,41,BYD Atto 3 Dynamic,9551,49.92,55.18618056,1.105492399,1.05,12,100,88,20,80,60,0.027504554,0.033333333,10/25/2024 0:45,10/25/2024 1:49,351899,61
9618,819,819,42,BYD Atto 3 Premium,9618,60.48,67.21051736,1.111285009,1.05,7,100,93,20,80,60,0.030063752,0.05,10/27/2024 9:11,10/27/2024 10:16,363012,61
9622,0844358555-tag,713,41,BYD Atto 3 Dynamic,9622,49.92,49.43424306,0.990269292,0.990269292,8,100,92,20,80,60,0.029417122,0.033333333,10/28/2024 1:50,10/28/2024 2:55,363012,61
9653,0399122532-tag,653,41,BYD Atto 3 Dynamic,9653,49.92,55.26178819,1.107006975,1.05,9,100,91,20,80,60,0.030783242,0.033333333,10/29/2024 4:32,10/29/2024 5:28,351899,61
9679,793,793,41,BYD Atto 3 Dynamic,9679,49.92,55.75741667,1.11693543,1.05,6,97,91,20,80,60,0.030947177,0.05,10/29/2024 12:51,10/29/2024 13:51,363012,61
9739,847,847,42,BYD Atto 3 Premium,9739,60.48,69.49558333,1.149067185,1.05,12,100,88,20,80,60,0.027686703,0.033333333,11/1/2024 0:54,11/1/2024 1:55,363013,61
9794,932,932,42,BYD Atto 3 Premium,9794,60.48,68.59630556,1.134198174,1.05,13,100,87,20,80,60,0.030673953,0.05,11/3/2024 1:05,11/3/2024 2:04,363013,61
9812,0983328826-tag,654,42,BYD Atto 3 Premium,9812,60.48,68.40084028,1.130966274,1.05,11,100,89,20,80,60,0.028779599,0.033333333,11/3/2024 13:44,11/3/2024 14:43,351898,61
9867,0966881804-tag,668,40,BYD Dolphin GLX,9867,44.9,50.31522222,1.120606286,1.05,11,87,76,20,80,60,0.03284153,0.05,11/6/2024 1:03,11/6/2024 1:44,351898,61
9885,932,932,42,BYD Atto 3 Premium,9885,60.48,66.62391667,1.101585924,1.05,18,100,82,20,80,60,0.031821494,0.05,11/7/2024 1:04,11/7/2024 2:01,363012,61
9900,0966881804-tag,668,40,BYD Dolphin GLX,9900,44.9,70.09239583,1.561077858,1.05,15,100,85,20,80,60,0.029781421,0.033333333,11/7/2024 7:25,11/7/2024 8:29,351899,61
9992,0983328826-tag,654,42,BYD Atto 3 Premium,9992,60.48,68.96033333,1.140217152,1.05,12,100,88,20,80,60,0.036393443,0.05,11/11/2024 0:50,11/11/2024 1:46,351898,61
10028,847,847,42,BYD Atto 3 Premium,10028,60.48,67.60619444,1.117827289,1.05,13,100,87,20,80,60,0.029672131,0.05,11/12/2024 0:41,11/12/2024 1:45,363012,61
10054,959,959,11,Vinfast VF5,10054,37.23,20.11780208,0.540365353,0.7,15,97,82,20,80,60,0.022677596,0.033333333,11/12/2024 9:36,11/12/2024 10:58,363013,61
10388,0966881804-tag,668,40,BYD Dolphin GLX,10388,44.9,42.77341571,0.952637321,0.952637321,0,99,99,20,80,60,0.093954992,0.483333353,11/22/2024 1:12,11/22/2024 2:12,351898,61
10499,886,886,40,BYD Dolphin GLX,10499,44.9,56.56386806,1.259774344,1.05,19,85,66,20,80,60,0.031803279,0.05,11/23/2024 11:46,11/23/2024 12:25,363013,61
10562,802,802,42,BYD Atto 3 Premium,10562,60.48,69.75763889,1.153400114,1.05,19,86,67,20,80,60,0.031193078,0.05,11/25/2024 7:27,11/25/2024 8:08,363012,61
10787,0983328826-tag,654,42,BYD Atto 3 Premium,10787,60.48,74.071,1.224718915,1.05,17,83,66,20,80,60,0.025500911,0.033333333,11/28/2024 9:06,11/28/2024 9:54,351899,61
10790,847,847,42,BYD Atto 3 Premium,10790,60.48,67.49144444,1.115929968,1.05,9,100,91,20,80,60,0.031730419,0.05,11/28/2024 11:11,11/28/2024 12:07,363013,61
10877,914,914,44,BYD Seal Perfomance,10877,82.56,66.43573611,0.804696416,0.804696416,17,100,83,20,80,60,0.027613843,0.05,11/30/2024 13:41,11/30/2024 14:45,363013,61
11008,0399122532-tag,653,41,BYD Atto 3 Dynamic,11008,49.92,60.76577778,1.217263177,1.05,18,100,82,20,80,60,0.033970856,0.05,12/5/2024 5:49,12/5/2024 6:43,351899,61
11080,1028,1028,44,BYD Seal Perfomance,11080,82.56,95.46920833,1.156361535,1.05,10,100,90,20,80,60,0.023588342,0.033333333,12/6/2024 15:30,12/6/2024 16:43,363013,61
11137,0399122532-tag,653,41,BYD Atto 3 Dynamic,11137,49.92,72.00624096,1.442432712,1.05,0,100,100,20,80,60,0.155258045,0.5666667,12/9/2024 7:01,12/9/2024 7:51,351898,61
11140,0399122532-tag,653,41,BYD Atto 3 Dynamic,11140,49.92,68.73199653,1.376842879,1.05,19,100,81,20,80,60,0.030546448,0.05,12/9/2024 9:06,12/9/2024 10:02,351898,61
11173,0844358555-tag,713,41,BYD Atto 3 Dynamic,11173,49.92,37.82968339,0.757806158,0.757806158,0,98,98,20,80,60,0.558733583,0.933333363,12/10/2024 3:28,12/10/2024 4:11,363013,61
11203,0399122532-tag,653,41,BYD Atto 3 Dynamic,11203,49.92,62.56118519,1.25322887,1.05,19,94,75,20,80,60,0.036302368,0.05,12/11/2024 6:20,12/11/2024 7:05,351899,61
11244,1028,1028,44,BYD Seal Perfomance,11244,82.56,95.88947222,1.161451941,1.05,4,87,83,20,80,60,0.027969035,0.05,12/12/2024 13:04,12/12/2024 13:58,363013,61
11256,802,802,42,BYD Atto 3 Premium,11256,60.48,66.569875,1.100692378,1.05,18,86,68,20,80,60,0.023679417,0.033333333,12/13/2024 2:56,12/13/2024 3:48,363013,61
11261,0399122532-tag,653,41,BYD Atto 3 Dynamic,11261,49.92,64.16517014,1.285359979,1.05,12,90,78,20,80,60,0.034571949,0.05,12/13/2024 6:04,12/13/2024 6:45,351899,61
11293,847,847,42,BYD Atto 3 Premium,11293,60.48,66.79609722,1.104432824,1.05,18,100,82,20,80,60,0.035428051,0.05,12/13/2024 11:35,12/13/2024 12:31,363012,61
11436,0966881804-tag,668,40,BYD Dolphin GLX,11436,44.9,49.26539236,1.097224774,1.05,10,100,90,20,80,60,0.033260474,0.05,12/18/2024 0:32,12/18/2024 1:33,351898,61
11441,802,802,42,BYD Atto 3 Premium,11441,60.48,67.00679861,1.107916644,1.05,17,100,83,20,80,60,0.033205829,0.05,12/18/2024 1:20,12/18/2024 2:15,363012,61
11466,0399122532-tag,653,41,BYD Atto 3 Dynamic,11466,49.92,66.16497222,1.325420117,1.05,12,92,80,20,80,60,0.032586521,0.05,12/18/2024 9:38,12/18/2024 10:26,351899,61
11522,932,932,42,BYD Atto 3 Premium,11522,60.48,64.99570833,1.07466449,1.05,18,100,82,20,80,60,0.024134791,0.033333333,12/20/2024 6:12,12/20/2024 7:20,363012,61
11530,0966881804-tag,668,40,BYD Dolphin GLX,11530,44.9,24.75780449,0.551398764,0.7,0,100,100,20,80,60,0.588432899,0.950000074,12/20/2024 10:47,12/20/2024 11:25,351898,61
11662,0966881804-tag,668,40,BYD Dolphin GLX,11662,44.9,49.07257292,1.092930354,1.05,5,100,95,20,80,60,0.034817851,0.05,12/24/2024 0:06,12/24/2024 1:04,351898,61
11665,802,802,42,BYD Atto 3 Premium,11665,60.48,66.39836111,1.0978565,1.05,8,100,92,20,80,60,0.023679417,0.033333333,12/24/2024 1:13,12/24/2024 2:29,363013,61
11737,0844358555-tag,713,41,BYD Atto 3 Dynamic,11737,49.92,68.10011111,1.364184918,1.05,7,100,93,20,80,60,0.028051002,0.033333333,12/25/2024 10:04,12/25/2024 11:10,363013,61
12151,0966881804-tag,668,40,BYD Dolphin GLX,12151,44.9,67.11354514,1.494733745,1.05,0,100,100,20,80,60,0.023406193,0.033333333,12/26/2024 13:33,12/26/2024 14:52,351899,61
12201,932,932,42,BYD Atto 3 Premium,12201,60.48,64.947375,1.073865327,1.05,12,100,88,20,80,60,0.02431694,0.033333333,12/27/2024 11:34,12/27/2024 12:47,702618,61
12203,847,847,42,BYD Atto 3 Premium,12203,60.48,67.09948958,1.109449233,1.05,12,100,88,20,80,60,0.030346084,0.05,12/27/2024 11:50,12/27/2024 12:53,363013,61
12218,1080,1080,40,BYD Dolphin GLX,12218,44.9,61.44905556,1.368575848,1.05,5,88,83,20,80,60,0.026867031,0.033333333,12/27/2024 18:17,12/27/2024 19:13,628886,61
12225,1104,1104,42,BYD Atto 3 Premium,12225,60.48,48.14923611,0.796118322,0.796118322,18,100,82,20,80,60,0.025956284,0.033333333,12/28/2024 1:33,12/28/2024 2:37,699355,61
12428,0983328826-tag,654,42,BYD Atto 3 Premium,12428,60.48,68.92325347,1.139604059,1.05,8,94,86,20,80,60,0.032377049,0.05,1/1/2025 11:23,1/1/2025 12:17,351898,61
12472,0966881804-tag,668,40,BYD Dolphin GLX,12472,44.9,49.63776389,1.105518127,1.05,9,100,91,20,80,60,0.032677596,0.05,1/3/2025 0:12,1/3/2025 1:12,351898,61
12523,932,932,42,BYD Atto 3 Premium,12523,60.48,60.22816875,0.995836124,0.995836124,0,88,88,20,80,60,0.05684072,0.416666671,1/4/2025 5:39,1/4/2025 6:28,702620,61
12883,802,802,42,BYD Atto 3 Premium,12883,60.48,65.16433333,1.077452601,1.05,11,100,89,20,80,60,0.030255009,0.05,1/9/2025 11:28,1/9/2025 12:30,363012,61
12893,932,932,42,BYD Atto 3 Premium,12893,60.48,65.82742708,1.088416453,1.05,0,100,100,20,80,60,0.023861566,0.033333333,1/10/2025 2:02,1/10/2025 3:12,702620,61
12991,932,932,42,BYD Atto 3 Premium,12991,60.48,55.17934105,0.91235683,0.91235683,0,100,100,20,80,60,0.10207709,0.5,1/12/2025 7:41,1/12/2025 8:41,702620,61
13018,1074,1074,40,BYD Dolphin GLX,13018,44.9,50.01795833,1.113985709,1.05,18,100,82,20,80,60,0.033955677,0.05,1/13/2025 2:27,1/13/2025 3:21,363013,61
13074,0399122532-tag,653,41,BYD Atto 3 Dynamic,13074,49.92,48.62023958,0.973963133,0.973963133,8,100,92,20,80,60,0.033806922,0.05,1/14/2025 7:21,1/14/2025 8:20,351899,61
13110,1104,1104,42,BYD Atto 3 Premium,13110,60.48,67.35598611,1.113690247,1.05,8,84,76,20,80,60,0.023041894,0.033333333,1/15/2025 0:59,1/15/2025 1:58,699355,61
13123,1104,1104,42,BYD Atto 3 Premium,13123,60.48,49.16438542,0.812903198,0.812903198,12,100,88,20,80,60,0.029690346,0.033333333,1/15/2025 4:28,1/15/2025 5:33,699353,61
13129,0399122532-tag,653,41,BYD Atto 3 Dynamic,13129,49.92,65.22577778,1.306606125,1.05,9,100,91,20,80,60,0.032586521,0.05,1/15/2025 7:04,1/15/2025 8:03,351898,61
13135,0399122532-tag,653,41,BYD Atto 3 Dynamic,13135,49.92,67.67248611,1.355618712,1.05,17,100,83,20,80,60,0.032003643,0.05,1/15/2025 8:48,1/15/2025 9:43,351899,61
13199,1074,1074,40,BYD Dolphin GLX,13199,44.9,49.5915,1.104487751,1.05,8,100,92,20,80,60,0.027413479,0.033333333,1/17/2025 1:14,1/17/2025 2:20,363012,61
13266,1074,1074,40,BYD Dolphin GLX,13266,44.9,48.762,1.086013363,1.05,11,100,89,20,80,60,0.030418944,0.033333333,1/18/2025 10:19,1/18/2025 11:19,363013,61
13288,914,914,44,BYD Seal Perfomance,13288,82.56,91.47023611,1.107924372,1.05,16,100,84,20,80,60,0.033041894,0.05,1/19/2025 1:55,1/19/2025 2:47,363013,61
13387,1074,1074,40,BYD Dolphin GLX,13387,44.9,49.06698611,1.092805927,1.05,15,100,85,20,80,60,0.029781421,0.033333333,1/21/2025 1:36,1/21/2025 2:35,363012,61
13572,0983328826-tag,654,42,BYD Atto 3 Premium,13572,60.48,68.11536111,1.12624605,1.05,10,99,89,20,80,60,0.03154827,0.05,1/24/2025 3:15,1/24/2025 4:13,351899,61
13599,932,932,42,BYD Atto 3 Premium,13599,60.48,67.47186111,1.115606169,1.05,9,95,86,20,80,60,0.02867031,0.05,1/24/2025 8:26,1/24/2025 9:24,363012,61
13890,0CCC47891E7D,819,42,BYD Atto 3 Premium,13890,60.48,67.05076042,1.108643525,1.05,13,100,87,20,80,60,0.023406193,0.033333333,1/30/2025 6:52,1/30/2025 8:06,363013,61
13934,evc-1266,1266,42,BYD Atto 3 Premium,13934,60.48,66.39258333,1.097760968,1.05,13,82,69,20,80,60,0.022131148,0.033333333,1/31/2025 19:48,1/31/2025 20:43,699697,61
13982,1089,1089,40,BYD Dolphin GLX,13982,44.9,49.08776389,1.093268683,1.05,12,96,84,20,80,60,0.029690346,0.033333333,2/1/2025 23:31,2/2/2025 0:24,628885,61
14090,0983328826-tag,654,42,BYD Atto 3 Premium,14090,60.48,61.21730556,1.012190899,1.012190899,4,100,96,20,80,60,0.035336976,0.05,2/4/2025 1:04,2/4/2025 2:05,351899,61
14150,0399122532-tag,653,41,BYD Atto 3 Dynamic,14150,49.92,57.16838194,1.145199959,1.05,15,100,85,20,80,60,0.025500911,0.033333333,2/5/2025 2:05,2/5/2025 3:16,351899,61
14188,0CCC47891E7D,819,42,BYD Atto 3 Premium,14188,60.48,65.73023958,1.086809517,1.05,11,100,89,20,80,60,0.023861566,0.033333333,2/5/2025 12:07,2/5/2025 13:20,363012,61
14198,1080,1080,40,BYD Dolphin GLX,14198,44.9,61.48198611,1.369309268,1.05,18,100,82,20,80,60,0.026684882,0.033333333,2/5/2025 18:30,2/5/2025 19:28,628886,61
14206,0CCC4789685F,1230,42,BYD Atto 3 Premium,14206,60.48,67.25361111,1.111997538,1.05,17,100,83,20,80,60,0.023406193,0.033333333,2/6/2025 1:39,2/6/2025 2:48,363012,61
14282,932,932,42,BYD Atto 3 Premium,14282,60.48,66.65083333,1.102030974,1.05,16,100,84,20,80,60,0.023679417,0.033333333,2/7/2025 8:03,2/7/2025 9:10,702618,61
14334,0399122532-tag,653,41,BYD Atto 3 Dynamic,14334,49.92,61.63769792,1.234729526,1.05,14,93,79,20,80,60,0.033442623,0.05,2/8/2025 5:35,2/8/2025 6:24,351899,61
14377,0CCC4789685F,1230,42,BYD Atto 3 Premium,14377,60.48,67.56642708,1.11716976,1.05,18,100,82,20,80,60,0.033442623,0.05,2/9/2025 2:53,2/9/2025 3:45,363012,61
14428,1080,1080,40,BYD Dolphin GLX,14428,44.9,61.48680556,1.369416605,1.05,15,86,71,20,80,60,0.026684882,0.033333333,2/9/2025 15:10,2/9/2025 15:57,628886,61
14436,0966881804-tag,668,40,BYD Dolphin GLX,14436,44.9,62.91445486,1.401212803,1.05,8,96,88,20,80,60,0.024954463,0.033333333,2/10/2025 1:27,2/10/2025 2:35,351898,61
14490,0399122532-tag,653,41,BYD Atto 3 Dynamic,14490,49.92,67.33594444,1.348877092,1.05,2,100,98,20,80,60,0.033387978,0.05,2/10/2025 11:15,2/10/2025 12:15,351899,61
14580,0985823333-tag,720,45,BYD M6 Performance,14580,55.4,18.96244869,0.342282467,0.7,0,85,85,20,80,60,0.730217829,1.050000063,2/12/2025 7:04,2/12/2025 7:23,702620,61
14713,847,847,42,BYD Atto 3 Premium,14713,60.48,68.21893056,1.127958508,1.05,11,100,89,20,80,60,0.03154827,0.05,2/13/2025 11:27,2/13/2025 12:26,363012,61
14715,evc-1292,1292,44,BYD Seal Perfomance,14715,82.56,97.45380556,1.180399777,1.05,14,100,86,20,80,60,0.028051002,0.033333333,2/13/2025 12:59,2/13/2025 14:07,363012,61
14777,evc-1374,1374,40,BYD Dolphin GLX,14777,44.9,60.68420139,1.351541234,1.05,19,100,81,20,80,60,0.025409836,0.033333333,2/14/2025 12:26,2/14/2025 13:32,363012,61
14810,evc-1374,1374,40,BYD Dolphin GLX,14810,44.9,49.19388121,1.095632098,1.05,0,100,100,20,80,60,0.138053144,0.55000002,2/15/2025 5:49,2/15/2025 6:45,352685,61
14883,932,932,42,BYD Atto 3 Premium,14883,60.48,66.25345486,1.095460563,1.05,9,100,91,20,80,60,0.034571949,0.05,2/17/2025 1:35,2/17/2025 2:29,363012,61
14886,evc-1374,1374,40,BYD Dolphin GLX,14886,44.9,60.32179167,1.343469748,1.05,11,100,89,20,80,60,0.02704918,0.033333333,2/17/2025 2:47,2/17/2025 3:57,352685,61
14892,0966881804-tag,668,40,BYD Dolphin GLX,14892,44.9,61.77163194,1.375760177,1.05,14,100,86,20,80,60,0.033041894,0.05,2/17/2025 5:32,2/17/2025 6:28,351898,61
14959,0985823333-tag,720,45,BYD M6 Performance,14959,55.4,11.64671546,0.210229521,0.7,0,84,84,20,80,60,0.866726065,1.116666707,2/18/2025 10:48,2/18/2025 11:01,702618,61
15002,0985823333-tag,720,45,BYD M6 Performance,15002,55.4,27.27205792,0.492275414,0.7,0,84,84,20,80,60,0.509917208,0.90000015,2/19/2025 5:53,2/19/2025 6:25,702620,61
15019,802,802,42,BYD Atto 3 Premium,15019,60.48,65.05033333,1.075567681,1.05,14,100,86,20,80,60,0.023952641,0.033333333,2/19/2025 8:38,2/19/2025 9:48,363013,61
15051,0399122532-tag,653,41,BYD Atto 3 Dynamic,15051,49.92,67.64557292,1.355079586,1.05,16,100,84,20,80,60,0.036320583,0.05,2/20/2025 2:43,2/20/2025 3:39,351898,61
15080,0399122532-tag,653,41,BYD Atto 3 Dynamic,15080,49.92,67.50166667,1.352196848,1.05,16,92,76,20,80,60,0.034635701,0.05,2/20/2025 7:56,2/20/2025 8:41,351899,61
15120,0CCC47891E7D,819,42,BYD Atto 3 Premium,15120,60.48,67.12795833,1.109919946,1.05,15,100,85,20,80,60,0.031912568,0.05,2/21/2025 0:14,2/21/2025 1:12,363012,61
15130,evc-1374,1374,40,BYD Dolphin GLX,15130,44.9,61.44733333,1.368537491,1.05,16,97,81,20,80,60,0.029234973,0.033333333,2/21/2025 2:29,2/21/2025 3:26,363013,61
15180,evc-1374,1374,40,BYD Dolphin GLX,15180,44.9,61.59544444,1.371836179,1.05,6,100,94,20,80,60,0.030418944,0.033333333,2/21/2025 14:00,2/21/2025 15:08,363013,61
15196,0CCC47873484,1074,40,BYD Dolphin GLX,15196,44.9,48.95513889,1.090314897,1.05,11,92,81,20,80,60,0.029690346,0.033333333,2/22/2025 2:06,2/22/2025 2:58,363012,61
15238,0CCC478CED55,1374,40,BYD Dolphin GLX,15238,44.9,61.31625,1.36561804,1.05,12,100,88,20,80,60,0.026593807,0.033333333,2/22/2025 13:39,2/22/2025 14:47,363013,61
15319,0983328826-tag,654,42,BYD Atto 3 Premium,15319,60.48,90.26277778,1.492440109,1.05,11,100,89,20,80,60,0.033970856,0.05,2/24/2025 3:23,2/24/2025 4:15,351899,61
15365,0985823333-tag,720,45,BYD M6 Performance,15365,55.4,48.83370833,0.88147488,0.88147488,12,85,73,20,80,60,0.029690346,0.033333333,2/24/2025 11:13,2/24/2025 11:56,702618,61
15382,917,917,41,BYD Atto 3 Dynamic,15382,49.92,55.32595833,1.108292435,1.05,8,91,83,20,80,60,0.033570128,0.05,2/25/2025 1:08,2/25/2025 1:56,363013,61
15397,evc-1354,1354,41,BYD Atto 3 Dynamic,15397,49.92,55.30879514,1.107948621,1.05,16,90,74,20,80,60,0.027868852,0.033333333,2/25/2025 4:27,2/25/2025 5:17,699355,61
15469,0CCC478CED55,1374,40,BYD Dolphin GLX,15469,44.9,60.41272569,1.345495004,1.05,13,100,87,20,80,60,0.02704918,0.033333333,2/26/2025 1:21,2/26/2025 2:28,363013,61
15492,0983328826-tag,654,42,BYD Atto 3 Premium,15492,60.48,66.122,1.093287037,1.05,19,89,70,20,80,60,0.03291439,0.05,2/26/2025 6:30,2/26/2025 7:15,351898,61
15529,0CCC478BA3AF,720,45,BYD M6 Performance,15529,55.4,60.57656944,1.093439882,1.05,16,96,80,20,80,60,0.027140255,0.033333333,2/26/2025 12:52,2/26/2025 13:49,363012,61
15570,802,802,42,BYD Atto 3 Premium,15570,60.48,62.93931019,1.040663198,1.040663198,16,100,84,20,80,60,0.023424408,0.05,2/27/2025 8:02,2/27/2025 9:10,363012,61
15572,1104,1104,42,BYD Atto 3 Premium,15572,60.48,48.23384722,0.797517315,0.797517315,14,100,86,20,80,60,0.017759563,0.033333333,2/27/2025 8:15,2/27/2025 9:43,699353,61
15583,0CCC47893F63,847,42,BYD Atto 3 Premium,15583,60.48,65.07366667,1.075953483,1.05,12,100,88,20,80,60,0.023952641,0.033333333,2/27/2025 11:11,2/27/2025 12:25,363013,61
15658,0985823333-tag,720,45,BYD M6 Performance,15658,55.4,61.30316667,1.106555355,1.05,11,87,76,20,80,60,0.026684882,0.033333333,2/28/2025 15:25,2/28/2025 16:16,702618,61
15668,0CCC47873484,1074,40,BYD Dolphin GLX,15668,44.9,48.79331597,1.086710823,1.05,18,100,82,20,80,60,0.032249545,0.05,3/1/2025 2:17,3/1/2025 3:14,363012,61
15685,0985823333-tag,720,45,BYD M6 Performance,15685,55.4,44.58197792,0.804728843,0.804728843,0,88,88,20,80,60,0.205359394,0.633333358,3/1/2025 5:19,3/1/2025 5:55,702620,61
15774,0985823333-tag,720,45,BYD M6 Performance,15774,55.4,55.59267556,1.003477898,1.003477898,0,87,87,20,80,60,0.047611041,0.416666671,3/2/2025 12:17,3/2/2025 13:36,702620,61
15788,evc-1337,1337,40,BYD Dolphin GLX,15788,44.9,49.97530903,1.113035836,1.05,13,81,68,20,80,60,0.034571949,0.05,3/2/2025 23:03,3/2/2025 23:37,363012,61
15795,0399122532-tag,653,41,BYD Atto 3 Dynamic,15795,49.92,48.83083681,0.978181827,0.978181827,9,100,91,20,80,60,0.035318761,0.05,3/3/2025 1:34,3/3/2025 2:32,351899,61
15833,0399122532-tag,653,41,BYD Atto 3 Dynamic,15833,49.92,61.70198611,1.23601735,1.05,19,100,81,20,80,60,0.025510018,0.05,3/3/2025 13:18,3/3/2025 14:31,351898,61
15848,evc-1459,1459,40,BYD Dolphin GLX,15848,44.9,50.65944444,1.128272705,1.05,16,89,73,20,80,60,0.029052823,0.033333333,3/4/2025 1:54,3/4/2025 2:40,699355,61
15851,0CCC47893F63,847,42,BYD Atto 3 Premium,15851,60.48,64.25930208,1.06248846,1.05,18,100,82,20,80,60,0.02431694,0.033333333,3/4/2025 3:05,3/4/2025 4:12,363013,61
15913,0CCC478B0EA0,1292,44,BYD Seal Perfomance,15913,82.56,98.24908333,1.190032502,1.05,6,100,94,20,80,60,0.026867031,0.033333333,3/5/2025 0:28,3/5/2025 1:39,363012,61
15989,0983328826-tag,654,42,BYD Atto 3 Premium,15989,60.48,61.10761111,1.010377168,1.010377168,4,85,81,20,80,60,0.037340619,0.05,3/6/2025 3:49,3/6/2025 4:29,351899,61
16029,0CCC47891E7D,819,42,BYD Atto 3 Premium,16029,60.48,64.51565278,1.066727063,1.05,9,100,91,20,80,60,0.023952641,0.033333333,3/6/2025 13:03,3/6/2025 14:15,363012,61
16062,evc-1354,1354,41,BYD Atto 3 Dynamic,16062,49.92,53.86777083,1.079081948,1.05,10,90,80,20,80,60,0.024043716,0.033333333,3/7/2025 3:48,3/7/2025 4:51,699355,61
16097,0CCC478CED55,1374,40,BYD Dolphin GLX,16097,44.9,60.33398611,1.343741339,1.05,17,100,83,20,80,60,0.029326047,0.033333333,3/7/2025 9:45,3/7/2025 10:45,363012,61
16148,0CCC47873484,1074,40,BYD Dolphin GLX,16148,44.9,48.37464198,1.077386236,1.05,13,87,74,20,80,60,0.035227687,0.05,3/8/2025 2:35,3/8/2025 3:14,363012,61
16178,1140,1140,40,BYD Dolphin GLX,16178,44.9,48.55928202,1.081498486,1.05,13,90,77,20,80,60,0.034098361,0.05,3/8/2025 9:38,3/8/2025 10:22,363012,61
16218,802,802,42,BYD Atto 3 Premium,16218,60.48,64.37160069,1.06434525,1.05,16,100,84,20,80,60,0.031220401,0.05,3/9/2025 6:09,3/9/2025 7:08,363012,61
16256,0CCC478CED55,1374,40,BYD Dolphin GLX,16256,44.9,61.25940278,1.364351955,1.05,10,100,90,20,80,60,0.031147541,0.033333333,3/9/2025 23:17,3/10/2025 0:21,363012,61
16262,932,932,42,BYD Atto 3 Premium,16262,60.48,65.03372222,1.075293026,1.05,6,100,94,20,80,60,0.024134791,0.033333333,3/10/2025 1:52,3/10/2025 3:07,363012,61
16284,0985823333-tag,720,45,BYD M6 Performance,16284,55.4,49.25293056,0.889042068,0.889042068,7,86,79,20,80,60,0.029690346,0.033333333,3/10/2025 7:02,3/10/2025 7:47,702618,61
16333,evc-1337,1337,40,BYD Dolphin GLX,16333,44.9,51.52746181,1.14760494,1.05,5,95,90,20,80,60,0.033533698,0.05,3/10/2025 22:43,3/10/2025 23:34,363012,61
16340,0CCC478CED55,1374,40,BYD Dolphin GLX,16340,44.9,61.32154167,1.365735895,1.05,7,100,93,20,80,60,0.02996357,0.033333333,3/11/2025 1:31,3/11/2025 2:38,363012,61
16439,1080,1080,40,BYD Dolphin GLX,16439,44.9,55.12741444,1.227782059,1.05,0,85,85,20,80,60,0.05975511,0.416666671,3/12/2025 12:51,3/12/2025 13:32,628885,61
16477,evc-1355,1355,41,BYD Atto 3 Dynamic,16477,49.92,55.16108681,1.10498972,1.05,19,86,67,20,80,60,0.027504554,0.033333333,3/13/2025 7:01,3/13/2025 7:45,702620,61
16585,977,977,45,BYD M6 Performance,16585,55.4,61.43354861,1.10890882,1.05,0,87,87,20,80,60,0.026775956,0.033333333,3/14/2025 15:35,3/14/2025 16:23,628886,61
16735,0399122532-tag,653,41,BYD Atto 3 Dynamic,16735,49.92,60.84989352,1.218948187,1.05,19,100,81,20,80,60,0.037522769,0.05,3/16/2025 14:44,3/16/2025 15:37,351898,61
16737,0985823333-tag,720,45,BYD M6 Performance,16737,55.4,33.38570544,0.602630062,0.7,0,92,92,20,80,60,0.381773912,0.8,3/16/2025 14:55,3/16/2025 15:29,702620,61
16778,802,802,42,BYD Atto 3 Premium,16778,60.48,63.50097222,1.049949938,1.049949938,13,100,87,20,80,60,0.024590164,0.033333333,3/17/2025 7:36,3/17/2025 8:45,363013,61
16832,0CCC47873484,1074,40,BYD Dolphin GLX,16832,44.9,48.932375,1.089807906,1.05,16,100,84,20,80,60,0.029599271,0.033333333,3/18/2025 2:32,3/18/2025 3:31,363013,61
16842,0399122532-tag,653,41,BYD Atto 3 Dynamic,16842,49.92,64.40510069,1.29016628,1.05,19,93,74,20,80,60,0.02431694,0.033333333,3/18/2025 5:34,3/18/2025 6:30,351898,61
16854,1047,1047,44,BYD Seal Perfomance,16854,82.56,61.00502431,0.738917446,0.738917446,17,100,83,20,80,60,0.030418944,0.033333333,3/18/2025 8:00,3/18/2025 8:56,363013,61
16868,0399122532-tag,653,41,BYD Atto 3 Dynamic,16868,49.92,58.86262847,1.179139192,1.05,17,100,83,20,80,60,0.031766849,0.05,3/18/2025 10:58,3/18/2025 11:56,351899,61
16941,0985823333-tag,720,45,BYD M6 Performance,16941,55.4,61.48095833,1.109764591,1.05,17,96,79,20,80,60,0.026775956,0.033333333,3/19/2025 6:58,3/19/2025 7:56,702618,61
16956,0985823333-tag,720,45,BYD M6 Performance,16956,55.4,48.00976736,0.866602299,0.866602299,8,100,92,20,80,60,0.030054645,0.033333333,3/19/2025 11:54,3/19/2025 13:02,702618,61
16958,0399122532-tag,653,41,BYD Atto 3 Dynamic,16958,49.92,62.08177083,1.243625217,1.05,17,100,83,20,80,60,0.033041894,0.05,3/19/2025 12:07,3/19/2025 13:05,351898,61
16982,0985823333-tag,720,45,BYD M6 Performance,16982,55.4,61.52626389,1.110582381,1.05,15,93,78,20,80,60,0.026593807,0.033333333,3/19/2025 15:50,3/19/2025 16:45,702620,61
17004,evc-1374,1374,40,BYD Dolphin GLX,17004,44.9,50.55323984,1.125907346,1.05,0,100,100,20,80,60,0.11541646,0.516666682,3/20/2025 3:39,3/20/2025 4:35,352681,61
17081,0CCC478CED55,1374,40,BYD Dolphin GLX,17081,44.9,61.59681944,1.371866803,1.05,10,100,90,20,80,60,0.027504554,0.033333333,3/21/2025 4:40,3/21/2025 5:49,363013,61
17115,0CCC47893F63,847,42,BYD Atto 3 Premium,17115,60.48,64.28434028,1.062902452,1.05,19,100,81,20,80,60,0.02431694,0.033333333,3/21/2025 12:51,3/21/2025 13:58,363013,61
17149,0966881804-tag,668,40,BYD Dolphin GLX,17149,44.9,52.12581944,1.160931391,1.05,18,81,63,20,80,60,0.028233151,0.033333333,3/22/2025 0:34,3/22/2025 1:13,351898,61
17214,evc1547,1547,45,BYD M6 Performance,17214,55.4,36.68932298,0.662262148,0.7,0,100,100,20,80,60,0.360826504,0.783333427,3/22/2025 15:49,3/22/2025 16:36,628886,61
17222,0CCC47891E7D,819,42,BYD Atto 3 Premium,17222,60.48,66.45876389,1.098855223,1.05,11,100,89,20,80,60,0.023497268,0.033333333,3/22/2025 23:21,3/23/2025 0:35,363013,61
17263,0966881804-tag,668,40,BYD Dolphin GLX,17263,44.9,49.39739931,1.100164795,1.05,17,100,83,20,80,60,0.034571949,0.05,3/23/2025 9:34,3/23/2025 10:31,351898,61
17276,0399122532-tag,653,41,BYD Atto 3 Dynamic,17276,49.92,61.54631597,1.232898958,1.05,16,100,84,20,80,60,0.033205829,0.05,3/23/2025 13:09,3/23/2025 14:09,351898,61
17289,0CCC478B0EA0,1292,44,BYD Seal Perfomance,17289,82.56,96.29260764,1.166334879,1.05,11,100,89,20,80,60,0.026229508,0.033333333,3/23/2025 16:45,3/23/2025 17:56,363012,61
17301,evc1547,1547,45,BYD M6 Performance,17301,55.4,60.85830445,1.098525351,1.05,0,82,82,20,80,60,0.029595311,0.349999992,3/24/2025 1:22,3/24/2025 2:13,628886,61
17353,1140,1140,40,BYD Dolphin GLX,17353,44.9,48.32652431,1.076314573,1.05,11,99,88,20,80,60,0.033606557,0.05,3/24/2025 10:56,3/24/2025 11:53,363012,61
17383,0CCC478CED55,1374,40,BYD Dolphin GLX,17383,44.9,61.56458333,1.371148849,1.05,12,99,87,20,80,60,0.029690346,0.033333333,3/25/2025 2:29,3/25/2025 3:33,363012,61
17419,0983328826-tag,654,42,BYD Atto 3 Premium,17419,60.48,48.19833989,0.796930223,0.796930223,0,82,82,20,80,60,0.03007286,0.05,3/25/2025 11:19,3/25/2025 12:00,352681,61
17424,evc-1344,1344,42,BYD Atto 3 Premium,17424,60.48,64.29247569,1.063036966,1.05,7,100,93,20,80,60,0.024499089,0.033333333,3/25/2025 12:43,3/25/2025 13:58,351899,61
17479,0399122532-tag,653,41,BYD Atto 3 Dynamic,17479,49.92,65.83045833,1.318719117,1.05,8,100,92,20,80,60,0.032777778,0.05,3/26/2025 9:28,3/26/2025 10:27,351899,61
17513,0CCC478B9622,1080,40,BYD Dolphin GLX,17513,44.9,2.218994147,0.049420805,0.7,0,100,100,20,80,60,1.238224045,1.300000077,3/26/2025 20:58,3/26/2025 21:23,628885,61
17558,evc1564,1564,45,BYD M6 Performance,17558,55.4,49.99518099,0.90244009,0.90244009,0,100,100,20,80,60,0.126802743,0.533333333,3/27/2025 8:37,3/27/2025 9:34,355367,61
17590,evc1577,1577,42,BYD Atto 3 Premium,17590,60.48,50.14614781,0.829136042,0.829136042,0,100,100,20,80,60,0.17585044,0.600000014,3/27/2025 14:23,3/27/2025 15:17,628885,61
17647,0399122532-tag,653,41,BYD Atto 3 Dynamic,17647,49.92,56.57664236,1.133346201,1.05,11,100,89,20,80,60,0.029417122,0.033333333,3/28/2025 7:49,3/28/2025 8:50,351898,61
17702,0399122532-tag,653,41,BYD Atto 3 Dynamic,17702,49.92,49.03057639,0.982183021,0.982183021,19,100,81,20,80,60,0.034663024,0.05,3/29/2025 1:13,3/29/2025 2:07,351899,61
17729,evc1506,1506,42,BYD Atto 3 Premium,17729,60.48,68.04608333,1.125100584,1.05,16,100,84,20,80,60,0.023224044,0.033333333,3/29/2025 6:58,3/29/2025 8:11,699355,61
17830,0983328826-tag,654,42,BYD Atto 3 Premium,17830,60.48,69.01690278,1.141152493,1.05,12,95,83,20,80,60,0.033460838,0.05,3/30/2025 7:05,3/30/2025 7:57,351898,61
17947,0CCC478CED55,1374,40,BYD Dolphin GLX,17947,44.9,60.42884375,1.345853981,1.05,17,100,83,20,80,60,0.027140255,0.033333333,3/31/2025 9:50,3/31/2025 10:54,363013,61
17960,0399122532-tag,653,41,BYD Atto 3 Dynamic,17960,49.92,60.42611458,1.210459026,1.05,11,100,89,20,80,60,0.033806922,0.05,3/31/2025 14:01,3/31/2025 15:01,351898,61
17968,0CCC478C98B4,1559,45,BYD M6 Performance,17968,55.4,60.69651736,1.095605007,1.05,17,100,83,20,80,60,0.027140255,0.033333333,3/31/2025 17:10,3/31/2025 18:15,702618,61
17993,0CCC47891E7D,819,42,BYD Atto 3 Premium,17993,60.48,64.29217708,1.063032028,1.05,16,100,84,20,80,60,0.02431694,0.033333333,4/1/2025 5:51,4/1/2025 7:01,363012,61
18009,evc1571,1571,45,BYD M6 Performance,18009,55.4,8.384149096,0.151338431,0.7,0,97,97,20,80,60,1.043569769,1.196721438,4/1/2025 8:19,4/1/2025 8:44,628886,61
18035,evc-1344,1344,42,BYD Atto 3 Premium,18035,60.48,65.27464236,1.079276494,1.05,16,100,84,20,80,60,0.03442623,0.05,4/1/2025 12:43,4/1/2025 13:38,351898,61
18043,0CCC478CEE68,1571,45,BYD M6 Performance,18043,55.4,42.11489279,0.760196621,0.760196621,0,100,100,20,80,60,0.221531388,0.650000039,4/1/2025 14:32,4/1/2025 15:23,628886,61
18053,0CCC478B0EA0,1292,44,BYD Seal Perfomance,18053,82.56,95.22534722,1.153407791,1.05,14,100,86,20,80,60,0.017577413,0.033333333,4/1/2025 15:16,4/1/2025 16:46,363013,61
18061,0CCC478CEE68,1571,45,BYD M6 Performance,18061,55.4,0.301582684,0.005443731,0.7,0,100,100,20,80,60,1.508196719,1.508196945,4/1/2025 22:26,4/1/2025 22:40,628886,61
18283,932,932,42,BYD Atto 3 Premium,18283,60.48,66.16698611,1.094030855,1.05,18,100,82,20,80,60,0.033843352,0.05,4/4/2025 1:21,4/4/2025 2:10,363013,61
18358,0CCC47891E7D,819,42,BYD Atto 3 Premium,18358,60.48,64.92369444,1.073473784,1.05,13,100,87,20,80,60,0.023952641,0.033333333,4/4/2025 13:26,4/4/2025 14:34,363012,61
18419,0399122532-tag,653,41,BYD Atto 3 Dynamic,18419,49.92,60.71314919,1.216208918,1.05,19,85,66,20,80,60,0.027154109,0.033898305,4/5/2025 5:44,4/5/2025 6:27,351898,61
18448,evc1621,1621,45,BYD M6 Performance,18448,55.4,60.99304861,1.100957556,1.05,9,87,78,20,80,60,0.021220401,0.033333333,4/5/2025 9:27,4/5/2025 10:32,1332152,61
18455,0966881804-tag,668,40,BYD Dolphin GLX,18455,44.9,62.02297269,1.381357966,1.05,19,81,62,20,80,60,0.036609692,0.05,4/5/2025 10:07,4/5/2025 10:38,351899,61
18487,evc1576,1576,45,BYD M6 Performance,18487,55.4,55.522335,1.002208213,1.002208213,0,100,100,20,80,60,0.05975511,0.416666671,4/5/2025 18:30,4/5/2025 19:28,628886,61
18513,0966881804-tag,668,40,BYD Dolphin GLX,18513,44.9,61.96439676,1.38005338,1.05,19,94,75,20,80,60,0.032242627,0.05,4/6/2025 3:57,4/6/2025 4:46,351898,61
18523,evc1636,1636,45,BYD M6 Performance,18523,55.4,0.340388793,0.006144202,0.7,0,100,100,20,80,60,1.42622951,1.426229673,4/6/2025 5:42,4/6/2025 5:59,628886,61
18527,0966881804-tag,668,40,BYD Dolphin GLX,18527,44.9,61.28830093,1.364995566,1.05,17,97,80,20,80,60,0.033925319,0.05,4/6/2025 6:19,4/6/2025 7:12,351899,61
18584,evc-1439,1439,45,BYD M6 Performance,18584,55.4,38.05509804,0.686915127,0.7,0,100,100,20,80,60,0.308703437,0.74576276,4/7/2025 0:04,4/7/2025 0:53,363013,61
18591,0CCC478CEE82,1436,42,BYD Atto 3 Premium,18591,60.48,62.19570833,1.028368193,1.028368193,13,100,87,20,80,60,0.027777778,0.033333333,4/7/2025 1:07,4/7/2025 2:13,363013,61
18593,evc1640,1640,45,BYD M6 Performance,18593,55.4,55.30245332,0.99823923,0.99823923,0,88,88,20,80,60,0.067010727,0.433333337,4/7/2025 1:34,4/7/2025 2:17,628886,61
18636,0CCC478B9622,1080,40,BYD Dolphin GLX,18636,44.9,32.46585835,0.723070342,0.723070342,0,92,92,20,80,60,0.402265938,0.816666738,4/7/2025 10:20,4/7/2025 10:54,628886,61
18715,917,917,41,BYD Atto 3 Dynamic,18715,49.92,54.29733333,1.087686966,1.05,15,100,85,20,80,60,0.030027322,0.05,4/8/2025 3:27,4/8/2025 4:27,363012,61
18770,evc1648,1648,42,BYD Atto 3 Premium,18770,60.48,66.43474113,1.098458021,1.05,12,96,84,20,80,60,0.028806922,0.05,4/8/2025 9:35,4/8/2025 10:36,1332152,61
18773,evc1618,1618,45,BYD M6 Performance,18773,55.4,61.70845833,1.113871089,1.05,6,94,88,20,80,60,0.030783242,0.033333333,4/8/2025 10:16,4/8/2025 11:11,1362798,61
18802,0CCC478B9622,1080,40,BYD Dolphin GLX,18802,44.9,49.69706602,1.106838887,1.05,0,87,87,20,80,60,0.115556694,0.516666682,4/8/2025 15:22,4/8/2025 16:01,628886,61
18888,0CCC478CEE82,1436,42,BYD Atto 3 Premium,18888,60.48,61.02014931,1.00893104,1.00893104,14,100,86,20,80,60,0.031147541,0.033333333,4/9/2025 10:36,4/9/2025 11:36,363013,61
18990,0966881804-tag,668,40,BYD Dolphin GLX,18990,44.9,63.40173611,1.412065392,1.05,0,100,100,20,80,60,0.035127505,0.05,4/10/2025 12:25,4/10/2025 13:22,351898,61
19013,0983328826-tag,654,42,BYD Atto 3 Premium,19013,60.48,68.16388495,1.127048362,1.05,17,100,83,20,80,60,0.023040187,0.033333333,4/11/2025 1:24,4/11/2025 2:34,351898,61
19023,0966881804-tag,668,40,BYD Dolphin GLX,19023,44.9,62.298375,1.387491648,1.05,15,87,72,20,80,60,0.035992714,0.05,4/11/2025 3:00,4/11/2025 3:38,351899,61
19118,0399122532-tag,653,41,BYD Atto 3 Dynamic,19118,49.92,61.28668056,1.227697928,1.05,15,100,85,20,80,60,0.035601093,0.05,4/11/2025 12:55,4/11/2025 13:51,351898,61
19139,0CCC478B751C,720,45,BYD M6 Performance,19139,55.4,61.44344444,1.109087445,1.05,15,100,85,20,80,60,0.026684882,0.033333333,4/11/2025 16:10,4/11/2025 17:10,702620,61
19191,0CCC478CED55,1374,40,BYD Dolphin GLX,19191,44.9,63.64509722,1.417485462,1.05,8,100,92,20,80,60,0.030327869,0.033333333,4/12/2025 5:51,4/12/2025 6:54,363012,61
19241,0CCC47893F63,847,42,BYD Atto 3 Premium,19241,60.48,64.82279167,1.071805418,1.05,13,100,87,20,80,60,0.023952641,0.033333333,4/12/2025 12:32,4/12/2025 13:44,363012,61
19244,0399122532-tag,653,41,BYD Atto 3 Dynamic,19244,49.92,62.16646181,1.245321751,1.05,14,100,86,20,80,60,0.032295082,0.05,4/12/2025 12:51,4/12/2025 13:50,351898,61
19245,evc1669,1669,45,BYD M6 Performance,19245,55.4,41.30061458,0.745498458,0.745498458,0,92,92,20,80,60,0.237015353,0.666666667,4/12/2025 12:52,4/12/2025 13:32,628886,61
19263,0966881804-tag,668,40,BYD Dolphin GLX,19263,44.9,62.01034722,1.381076776,1.05,18,85,67,20,80,60,0.037367942,0.05,4/12/2025 21:30,4/12/2025 22:03,351898,61
19288,evc1669,1669,45,BYD M6 Performance,19288,55.4,37.29619828,0.673216576,0.7,0,100,100,20,80,60,0.300504147,0.721311543,4/13/2025 5:30,4/13/2025 6:19,628886,61
19333,evc1618,1618,45,BYD M6 Performance,19333,55.4,61.95461111,1.11831428,1.05,8,100,92,20,80,60,0.030783242,0.033333333,4/13/2025 12:26,4/13/2025 13:29,1332152,61
19336,0399122532-tag,653,41,BYD Atto 3 Dynamic,19336,49.92,62.74605208,1.256932133,1.05,14,100,86,20,80,60,0.035282332,0.05,4/13/2025 12:49,4/13/2025 13:46,351898,61
19355,evc1669,1669,45,BYD M6 Performance,19355,55.4,27.15843848,0.490224521,0.7,0,100,100,20,80,60,0.52834417,0.901639429,4/13/2025 17:11,4/13/2025 17:53,628886,61
19424,917,917,41,BYD Atto 3 Dynamic,19424,49.92,39.42604881,0.789784632,0.789784632,0,100,100,20,80,60,0.195936012,0.62711869,4/14/2025 6:31,4/14/2025 7:21,355366,61
19477,evc-1344,1344,42,BYD Atto 3 Premium,19477,60.48,66.35688194,1.097170667,1.05,3,82,79,20,80,60,0.030464481,0.05,4/14/2025 13:00,4/14/2025 13:45,351898,61
19486,0CCC478B0EA0,1292,44,BYD Seal Perfomance,19486,82.56,94.382375,1.143197372,1.05,6,100,94,20,80,60,0.019398907,0.033333333,4/14/2025 15:04,4/14/2025 16:30,363013,61
19508,0966881804-tag,668,40,BYD Dolphin GLX,19508,44.9,52.15870139,1.161663728,1.05,15,100,85,20,80,60,0.029781421,0.033333333,4/15/2025 1:11,4/15/2025 2:12,351899,61
19517,0CCC478CEE68,1571,45,BYD M6 Performance,19517,55.4,60.65170833,1.094796179,1.05,12,100,88,20,80,60,0.031056466,0.033333333,4/15/2025 2:02,4/15/2025 3:04,1362798,61
19522,evc-1434,1434,44,BYD Seal Perfomance,19522,82.56,62.24327778,0.753915671,0.753915671,0,80,80,20,80,60,0.026323403,0.033333333,4/15/2025 2:30,4/15/2025 3:11,628886,61
19538,evc-1434,1434,44,BYD Seal Perfomance,19538,82.56,0.703830716,0.008525081,0.7,0,100,100,20,80,60,1.35,1.350000153,4/15/2025 3:33,4/15/2025 3:55,628886,61
19592,0966881804-tag,668,40,BYD Dolphin GLX,19592,44.9,62.59059722,1.393999938,1.05,15,100,85,20,80,60,0.032367942,0.05,4/15/2025 13:09,4/15/2025 14:07,351899,61
19593,0985823333-tag,720,45,BYD M6 Performance,19593,55.4,47.36097222,0.854891195,0.854891195,7,100,93,20,80,60,0.01575592,0.016666667,4/15/2025 13:11,4/15/2025 14:55,702618,61
19602,evc-1434,1434,44,BYD Seal Perfomance,19602,82.56,59.75697222,0.723800536,0.723800536,0,97,97,20,80,60,0.027504554,0.033333333,4/15/2025 16:20,4/15/2025 17:19,628886,61
19613,evc1510,1510,41,BYD Atto 3 Dynamic,19613,49.92,55.15386111,1.104844974,1.05,18,100,82,20,80,60,0.031420765,0.05,4/16/2025 0:34,4/16/2025 1:28,351899,61
19641,evc1621,1621,45,BYD M6 Performance,19641,55.4,60.29052778,1.088276675,1.05,16,100,84,20,80,60,0.031848816,0.05,4/16/2025 4:35,4/16/2025 5:32,1332152,61
19659,0CCC478CEE68,1571,45,BYD M6 Performance,19659,55.4,6.813202469,0.122981994,0.7,0,100,100,20,80,60,1.129409932,1.250000075,4/16/2025 8:15,4/16/2025 8:43,628886,61
19663,evc1618,1618,45,BYD M6 Performance,19663,55.4,62.18669792,1.122503573,1.05,16,85,69,20,80,60,0.031056466,0.05,4/16/2025 8:50,4/16/2025 9:30,1362797,61
19686,0966881804-tag,668,40,BYD Dolphin GLX,19686,44.9,61.13300347,1.361536826,1.05,17,100,83,20,80,60,0.033205829,0.05,4/16/2025 12:44,4/16/2025 13:42,351898,61
19704,evc1694,1694,40,BYD Dolphin GLX,19704,44.9,48.57125926,1.08176524,1.05,12,100,88,20,80,60,0.034954463,0.05,4/17/2025 0:20,4/17/2025 1:18,1362798,61
19790,0966881804-tag,668,40,BYD Dolphin GLX,19790,44.9,61.43125617,1.368179425,1.05,17,100,83,20,80,60,0.035355191,0.05,4/17/2025 13:34,4/17/2025 14:29,351898,61
19799,0CCC478CEE68,1571,45,BYD M6 Performance,19799,55.4,59.624125,1.076247744,1.05,0,100,100,20,80,60,0.027504554,0.033333333,4/17/2025 15:26,4/17/2025 16:32,628886,61
19850,0985823333-tag,720,45,BYD M6 Performance,19850,55.4,0.705772135,0.012739569,0.7,0,100,100,20,80,60,1.355932205,1.355932291,4/18/2025 4:52,4/18/2025 5:16,702618,61
19893,evc1713,1713,45,BYD M6 Performance,19893,55.4,32.08527,0.579156498,0.7,0,100,100,20,80,60,0.423304404,0.833333383,4/18/2025 10:00,4/18/2025 10:43,628886,61
19897,0985823333-tag,720,45,BYD M6 Performance,19897,55.4,44.69266144,0.806726741,0.806726741,0,90,90,20,80,60,0.193062634,0.62711869,4/18/2025 10:30,4/18/2025 11:13,702620,61
20039,796,796,42,BYD Atto 3 Premium,20039,60.48,66.16406944,1.09398263,1.05,17,85,68,20,80,60,0.025409836,0.033333333,4/19/2025 12:07,4/19/2025 12:54,363013,61
20041,0966881804-tag,668,40,BYD Dolphin GLX,20041,44.9,61.56746605,1.371213052,1.05,17,100,83,20,80,60,0.035692168,0.05,4/19/2025 13:01,4/19/2025 13:58,351899,61
20059,0CCC478C6895,1713,45,BYD M6 Performance,20059,55.4,57.0606765,1.02997611,1.02997611,0,100,100,20,80,60,0.058374305,0.409836076,4/19/2025 16:35,4/19/2025 17:34,628886,61
20096,0399122532-tag,653,41,BYD Atto 3 Dynamic,20096,49.92,63.01989815,1.262417831,1.05,10,93,83,20,80,60,0.033588342,0.05,4/20/2025 4:18,4/20/2025 5:10,351899,61
20099,evc-1374,1374,40,BYD Dolphin GLX,20099,44.9,30.34756893,0.675892404,0.7,0,99,99,20,80,60,0.475152356,0.881355996,4/20/2025 4:40,4/20/2025 5:23,352681,61
20110,0CCC478D0197,1669,45,BYD M6 Performance,20110,55.4,56.72505324,1.023917929,1.023917929,0,87,87,20,80,60,0.052010649,0.4,4/20/2025 6:01,4/20/2025 6:45,628886,61
20137,1140,1140,40,BYD Dolphin GLX,20137,44.9,49.45993079,1.101557479,1.05,19,93,74,20,80,60,0.029339901,0.033898305,4/20/2025 12:34,4/20/2025 13:23,363012,61
20160,0966881804-tag,668,40,BYD Dolphin GLX,20160,44.9,69.202375,1.541255568,1.05,14,100,86,20,80,60,0.030692168,0.033333333,4/21/2025 0:07,4/21/2025 1:06,351899,61
20170,evc1621,1621,45,BYD M6 Performance,20170,55.4,61.62161111,1.11230345,1.05,4,100,96,20,80,60,0.031420765,0.05,4/21/2025 1:17,4/21/2025 2:17,1362798,61
20197,0399122532-tag,653,41,BYD Atto 3 Dynamic,20197,49.92,62.71713889,1.256352942,1.05,11,100,89,20,80,60,0.032276867,0.05,4/21/2025 3:17,4/21/2025 4:19,351899,61
20207,0CCC478D0197,1669,45,BYD M6 Performance,20207,55.4,49.81350849,0.899160803,0.899160803,0,95,95,20,80,60,0.115871833,0.516666682,4/21/2025 3:50,4/21/2025 4:38,628886,61
20226,0CCC478CEE68,1571,45,BYD M6 Performance,20226,55.4,12.81569094,0.231330161,0.7,0,100,100,20,80,60,0.897624134,1.133333477,4/21/2025 5:10,4/21/2025 5:42,628886,61
20231,evc1577,1577,42,BYD Atto 3 Premium,20231,60.48,57.73412388,0.954598609,0.954598609,0,100,100,20,80,60,0.07487909,0.450000003,4/21/2025 5:51,4/21/2025 6:50,628886,61
20296,0966881804-tag,668,40,BYD Dolphin GLX,20296,44.9,62.1357662,1.383870071,1.05,14,100,86,20,80,60,0.032659381,0.05,4/21/2025 13:07,4/21/2025 14:07,351898,61
20312,evc-1337,1337,40,BYD Dolphin GLX,20312,44.9,50.54618056,1.125750124,1.05,7,85,78,20,80,60,0.028870674,0.033333333,4/21/2025 22:54,4/21/2025 23:41,363012,61
20316,0CCC478C6895,1713,45,BYD M6 Performance,20316,55.4,50.13485381,0.90496126,0.90496126,0,92,92,20,80,60,0.116696721,0.524590164,4/22/2025 0:32,4/22/2025 1:44,628886,61
20336,0CCC478CEE82,1436,42,BYD Atto 3 Premium,20336,60.48,62.22284375,1.028816861,1.028816861,2,100,98,20,80,60,0.026775956,0.033333333,4/22/2025 2:56,4/22/2025 4:11,363012,61
20337,0CCC478CEE68,1571,45,BYD M6 Performance,20337,55.4,53.78079756,0.970772519,0.970772519,0,82,82,20,80,60,0.083403769,0.459016411,4/22/2025 3:21,4/22/2025 3:58,628886,61
20407,evc1497,1497,46,BYD Han Performance,20407,85.44,99.60195833,1.165753258,1.05,12,93,81,20,80,60,0.025865209,0.033333333,4/22/2025 11:30,4/22/2025 12:33,363012,61
20413,0966881804-tag,668,40,BYD Dolphin GLX,20413,44.9,62.5338125,1.392735245,1.05,14,100,86,20,80,60,0.034581056,0.05,4/22/2025 12:59,4/22/2025 13:57,351899,61
20439,0399122532-tag,653,41,BYD Atto 3 Dynamic,20439,49.92,63.19716667,1.265968884,1.05,11,99,88,20,80,60,0.035783242,0.05,4/23/2025 0:31,4/23/2025 1:30,351898,61
20487,evc1566,1566,46,BYD Han Performance,20487,85.44,97.03161111,1.135669606,1.05,6,99,93,20,80,60,0.020400729,0.033333333,4/23/2025 6:38,4/23/2025 8:10,363013,61
20531,0966881804-tag,668,40,BYD Dolphin GLX,20531,44.9,61.19159877,1.362841843,1.05,11,100,89,20,80,60,0.034717668,0.05,4/23/2025 14:26,4/23/2025 15:25,351898,61
20553,evc1707,1707,46,BYD Han Performance,20553,85.44,95.34773611,1.115961331,1.05,18,98,80,20,80,60,0.020309654,0.033333333,4/24/2025 1:18,4/24/2025 2:35,363012,61
20623,0CCC47891E7D,819,42,BYD Atto 3 Premium,20623,60.48,65.48424167,1.082742091,1.05,18,100,82,20,80,60,0.031165835,0.050847457,4/24/2025 12:28,4/24/2025 13:24,363012,61
20629,0966881804-tag,668,40,BYD Dolphin GLX,20629,44.9,62.38539583,1.389429751,1.05,16,100,84,20,80,60,0.03003643,0.05,4/24/2025 13:07,4/24/2025 14:08,351898,61
20634,0CCC478D0197,1669,45,BYD M6 Performance,20634,55.4,38.9788825,0.703589937,0.703589937,0,100,100,20,80,60,0.286872826,0.716666692,4/24/2025 13:41,4/24/2025 14:30,628885,61
20638,0CCC478CEE82,1436,42,BYD Atto 3 Premium,20638,60.48,60.69524306,1.003558913,1.003558913,2,100,98,20,80,60,0.027140255,0.033333333,4/24/2025 13:49,4/24/2025 15:04,702620,61
20655,0CCC478C6895,1713,45,BYD M6 Performance,20655,55.4,44.60808934,0.805200169,0.805200169,0,100,100,20,80,60,0.188698098,0.606557388,4/24/2025 21:24,4/24/2025 22:14,628886,61
20659,0966881804-tag,668,40,BYD Dolphin GLX,20659,44.9,47.99605556,1.068954467,1.05,10,100,90,20,80,60,0.035500911,0.05,4/25/2025 0:15,4/25/2025 1:13,351898,61
20665,917,917,41,BYD Atto 3 Dynamic,20665,49.92,54.00857292,1.081902502,1.05,16,89,73,20,80,60,0.029234973,0.033333333,4/25/2025 1:08,4/25/2025 1:54,363012,61
20737,0399122532-tag,653,41,BYD Atto 3 Dynamic,20737,49.92,62.40172222,1.2500345,1.05,5,100,95,20,80,60,0.034489982,0.05,4/25/2025 11:37,4/25/2025 12:40,351899,61
20742,evc-1344,1344,42,BYD Atto 3 Premium,20742,60.48,66.10775,1.093051422,1.05,4,100,96,20,80,60,0.026411658,0.033333333,4/25/2025 12:51,4/25/2025 14:01,351898,61
20744,0966881804-tag,668,40,BYD Dolphin GLX,20744,44.9,61.42623611,1.368067619,1.05,18,100,82,20,80,60,0.026867031,0.033333333,4/25/2025 13:01,4/25/2025 14:04,351899,61
20749,0CCC478D0197,1669,45,BYD M6 Performance,20749,55.4,62.49163889,1.128007922,1.05,0,90,90,20,80,60,0.025810565,0.033333333,4/25/2025 14:18,4/25/2025 15:13,628885,61
20758,0CCC478CEE68,1571,45,BYD M6 Performance,20758,55.4,8.345081373,0.150633238,0.7,0,100,100,20,80,60,1.060466204,1.21666672,4/25/2025 17:11,4/25/2025 17:40,628886,61
20785,0CCC47893F63,847,42,BYD Atto 3 Premium,20785,60.48,65.08475,1.076136739,1.05,13,100,87,20,80,60,0.023952641,0.033333333,4/26/2025 2:22,4/26/2025 3:30,363013,61
20811,1077,1077,45,BYD M6 Performance,20811,55.4,8.236509461,0.148673456,0.7,0,100,100,20,80,60,1.044995793,1.220339023,4/26/2025 4:43,4/26/2025 5:10,355367,61
20839,0985823333-tag,720,45,BYD M6 Performance,20839,55.4,62.02059028,1.11950524,1.05,0,100,100,20,80,60,0.025355191,0.033333333,4/26/2025 8:22,4/26/2025 9:39,702620,61
20853,0966881804-tag,668,40,BYD Dolphin GLX,20853,44.9,65.468375,1.458092984,1.05,11,93,82,20,80,60,0.033096539,0.05,4/26/2025 9:34,4/26/2025 10:25,351899,61
20876,0399122532-tag,653,41,BYD Atto 3 Dynamic,20876,49.92,61.68641319,1.235705393,1.05,13,100,87,20,80,60,0.030856102,0.05,4/26/2025 13:20,4/26/2025 14:24,351899,61
20886,evc-1292,1292,44,BYD Seal Perfomance,20886,82.56,99.43090278,1.204347175,1.05,16,100,84,20,80,60,0.021311475,0.033333333,4/26/2025 16:45,4/26/2025 18:07,363013,61
20888,0CCC478C6895,1713,45,BYD M6 Performance,20888,55.4,50.88143827,0.918437514,0.918437514,0,93,93,20,80,60,0.105214026,0.5,4/26/2025 17:28,4/26/2025 18:15,628886,61
20975,0966881804-tag,668,40,BYD Dolphin GLX,20975,44.9,61.4647161,1.368924635,1.05,18,100,82,20,80,60,0.031839787,0.050847457,4/27/2025 13:10,4/27/2025 14:08,351898,61
20997,evc1541,1541,45,BYD M6 Performance,20997,55.4,60.67147222,1.095152928,1.05,10,100,90,20,80,60,0.02704918,0.033333333,4/27/2025 18:11,4/27/2025 19:22,699539,61
21016,0CCC478CEE82,1436,42,BYD Atto 3 Premium,21016,60.48,62.189625,1.028267609,1.028267609,7,100,93,20,80,60,0.030783242,0.033333333,4/28/2025 2:35,4/28/2025 3:39,363013,61
21050,0399122532-tag,653,41,BYD Atto 3 Dynamic,21050,49.92,21.05477778,0.421770388,0.7,18,85,67,20,80,60,0.024408015,0.033333333,4/28/2025 7:29,4/28/2025 8:18,351898,61
21068,0CCC4789CFDF,1354,41,BYD Atto 3 Dynamic,21068,49.92,55.70565579,1.115898553,1.05,9,87,78,20,80,60,0.026398674,0.033333333,4/28/2025 9:20,4/28/2025 10:13,699353,61
21087,0CCC478CED55,1374,40,BYD Dolphin GLX,21087,44.9,60.96385764,1.357769658,1.05,12,100,88,20,80,60,0.027140255,0.033333333,4/28/2025 11:28,4/28/2025 12:34,363013,61
21095,evc-1344,1344,42,BYD Atto 3 Premium,21095,60.48,64.98188889,1.074435994,1.05,3,91,88,20,80,60,0.024134791,0.033333333,4/28/2025 12:54,4/28/2025 14:01,351899,61
21104,0399122532-tag,653,41,BYD Atto 3 Dynamic,21104,49.92,61.97495833,1.241485544,1.05,15,100,85,20,80,60,0.033879781,0.05,4/28/2025 13:54,4/28/2025 14:52,351898,61
21112,0985823333-tag,720,45,BYD M6 Performance,21112,55.4,29.4850926,0.532221888,0.7,0,99,99,20,80,60,0.472267652,0.881355996,4/28/2025 15:02,4/28/2025 15:50,702618,61
21149,0CCC478CEE68,1571,45,BYD M6 Performance,21149,55.4,54.39642681,0.981884961,0.981884961,0,100,100,20,80,60,0.067375026,0.433333337,4/29/2025 3:14,4/29/2025 4:11,628886,61
21210,0CCC478B9622,1080,40,BYD Dolphin GLX,21210,44.9,44.96332518,1.00141036,1.00141036,0,100,100,20,80,60,0.164695023,0.583333368,4/29/2025 11:56,4/29/2025 12:44,628885,61
21225,0CCC478C6895,1713,45,BYD M6 Performance,21225,55.4,61.50679167,1.110230897,1.05,0,86,86,20,80,60,0.026684882,0.033333333,4/29/2025 13:00,4/29/2025 13:48,628886,61
21226,0399122532-tag,653,41,BYD Atto 3 Dynamic,21226,49.92,62.92787847,1.260574489,1.05,15,100,85,20,80,60,0.028333333,0.05,4/29/2025 13:39,4/29/2025 14:45,351899,61
21231,0CCC478C6895,1713,45,BYD M6 Performance,21231,55.4,0.348534119,0.00629123,0.7,0,100,100,20,80,60,1.409836065,1.409836341,4/29/2025 13:52,4/29/2025 14:11,628886,61
21240,0399122532-tag,653,41,BYD Atto 3 Dynamic,21240,49.92,61.20830208,1.226127846,1.05,18,100,82,20,80,60,0.035537341,0.05,4/29/2025 14:52,4/29/2025 15:49,351899,61
21248,evc1729,1729,45,BYD M6 Performance,21248,55.4,61.23896181,1.105396422,1.05,7,96,89,20,80,60,0.026775956,0.033333333,4/29/2025 16:22,4/29/2025 17:27,363012,61
21389,0399122532-tag,653,41,BYD Atto 3 Dynamic,21389,49.92,61.74331944,1.236845341,1.05,12,99,87,20,80,60,0.032750455,0.05,4/30/2025 14:52,4/30/2025 15:53,351899,61
21393,0CCC478B9622,1080,40,BYD Dolphin GLX,21393,44.9,56.54354707,1.259321761,1.05,0,90,90,20,80,60,0.051919574,0.4,4/30/2025 16:10,4/30/2025 16:58,628886,61
21402,0CCC478C6895,1713,45,BYD M6 Performance,21402,55.4,30.30712089,0.547059944,0.7,0,100,100,20,80,60,0.445253608,0.850000051,4/30/2025 19:14,4/30/2025 19:57,628886,61
21406,evc1595,1595,45,BYD M6 Performance,21406,55.4,61.15952778,1.103962595,1.05,16,100,84,20,80,60,0.031147541,0.033333333,4/30/2025 22:11,4/30/2025 23:07,363012,61
21408,evc1729,1729,45,BYD M6 Performance,21408,55.4,62.3965952,1.126292332,1.05,19,95,76,20,80,60,0.030797096,0.033898305,4/30/2025 23:22,5/1/2025 0:12,363013,61
